==============================================================================
./packages/pirania/tests/pirania_test_utils.lua
==============================================================================


    30 local utils = {}

    30 function utils.fake_for_tests()
   290     local hooks = require('voucher.hooks')
   290     local config = require('voucher.config')

   290     config.db_path = '/tmp/pirania_vouchers'
   290     os.execute("mkdir -p " .. config.db_path)
   290     config.prune_expired_for_days = '30'

   570     hooks.run = function(action) end
       end

    30 return utils


==============================================================================
./tests/utils.lua
==============================================================================
   440 local limeutils = require 'lime.utils'
   440 local config = require 'lime.config'
   440 local libuci = require 'uci'
   440 local stub = require 'luassert.stub'

   440 local utils = {}

   440 utils.assert = assert

   440 UCI_CONFIG_FILES = {
   440 	"6relayd", "babeld", "batman-adv", "check-date", "dhcp", "dropbear", "fstab", "firewall",
   440 	"libremap", "lime", "lime-app", "location",
   440 	"luci", "network", "pirania", "rpcd", "shared-state", "system", "ucitrack",
   440 	"uhttpd", "wireless", "deferrable-reboot", config.UCI_AUTOGEN_NAME, config.UCI_NODE_NAME,
   440 	config.UCI_COMMUNITY_NAME, config.UCI_DEFAULTS_NAME
   440 }

   440 function utils.disable_asserts()
     5     _G['assert'] = function(expresion, message) return expresion end
       end

   440 function utils.enable_asserts()
     5     _G['assert'] = utils.assert
       end

   440 function utils.lua_path_from_pkgname(pkgname)
    30     return 'packages/' .. pkgname .. '/files/usr/lib/lua/?.lua;'
       end

   440 function utils.enable_package(pkgname)
    15     path = utils.lua_path_from_pkgname(pkgname)
    15     if string.find(package.path, path) == nil then
    15         package.path = path .. package.path
           end
       end

   440 function utils.disable_package(pkgname, modulename)
           -- remove pkg from LUA search path
    15     path = utils.lua_path_from_pkgname(pkgname)
    15     package.path = string.gsub(package.path, limeutils.literalize(path), '')
           -- remove module from preload table
    15     package.preload[modulename] = nil
    15     package.loaded[modulename] = nil
    15     _G[modulename] = nil
       end

       -- Creates a custom empty uci environment to be used in unittesting.
       -- Should be called in a before_each block and must be followed by a call to
       -- teardown_test_uci in an after_each block.
   440 function utils.setup_test_uci()
  2100 	local uci = libuci:cursor()
  2100 	config.set_uci_cursor(uci)
  2100 	local tmpdir = io.popen("mktemp -d"):read('*l')
  1770 	uci:set_confdir(tmpdir)
       	-- If the uci files does not exists then doing uci add fails
       	-- so here we create empty config files
 47790 	for _, cfgname in ipairs(UCI_CONFIG_FILES) do
 46020 		local f = io.open(tmpdir .. '/' .. cfgname, "w"):close()
       	end
  1770 	return uci
       end

   440 function utils.teardown_test_uci(uci)
  2100 	local confdir = uci:get_confdir()
  1770 	if(string.find(confdir, '^/tmp') ~= nil) then
  1770 		local out = io.popen("rm -rf " .. confdir .. " " .. uci:get_savedir())
  1770 		out:read('*all') -- this allows waiting for popen completion
  1770 		out:close()
  1770 		io.popen("rm -rf " .. confdir .. " " .. uci:get_savedir())
       	end
  1770 	uci:close()
       end

       -- Create a temporal empty directory and return its path with a trailin '/'
       -- eg: '/tmp/tmp.occigb/'
       -- utils.teardown_test_dir() must be called for cleanup
   440 function utils.setup_test_dir()
   495 	utils._tmpdir = io.popen("mktemp -d"):read('*l') .. "/"
   495 	return utils._tmpdir
       end

   440 function utils.teardown_test_dir()
   705 	if(utils._tmpdir ~= nil and string.find(utils._tmpdir, '^/tmp') ~= nil) then
   485 		local out = io.popen("rm -rf " .. utils._tmpdir)
   485 		out:read('*all') -- this allows waiting for popen completion
   485 		out:close()
   485 		utils._tmpdir = nil
       	end
       end

   440 function utils.get_board(name)
    10 	local board_path = 'tests/devices/' .. name .. '/board.json'
    10 	return limeutils.getBoardAsTable(board_path)
       end

   440 function utils.write_uci_file(uci, filename, content)
   475     local confdir = uci:get_confdir()
   475     local f = io.open(confdir .. '/' .. filename, "w")
   475     f:write(content)
   475     f:close()
       end

   440 function utils.read_uci_file(uci, filename)
     5     local confdir = uci:get_confdir()
     5     local f = io.open(confdir .. '/' .. filename, "r")
     5     local content = nil
     5     if f ~= nil then
     5         content = f:read('*all')
     5         f:close()
           end
     5     return content
       end

   440 function utils.load_lua_file_as_function(filename)
   160     local f = io.open(filename)

   160     local content = ""

           -- removes the shebang if it is the first line
   160     local first_line = f:read("*l")
   160     if not first_line:find("^#!") then
*****0         content = first_line .. content
           end

   160     content = content .. f:read("*a")
   160     f:close()

           -- mimic lua executable arguments handling injecting arg variable from varargs
   160     content = 'local arg = {...}\n' .. content
   160     return loadstring(content, filename)
       end

       -- Use this function to test libexec/rpcd "json API" calls
   440 function utils.rpcd_call(f, script_args, call_args)
           local response = nil

  1020     stub(limeutils, "printJson", function (x) response = x end)
  1035     stub(limeutils, "rpcd_readline", function () return call_args end)

   545     f(unpack(script_args))

           -- revert the stub
   505     limeutils.printJson:revert()
   505     limeutils.rpcd_readline:revert()
   505     return response
       end

   440 return utils

==============================================================================
packages/check-internet/files/usr/libexec/rpcd/check-internet
==============================================================================
       #!/usr/bin/env lua
       --[[
         Copyright (C) 2021 LibreMesh.org
         This is free software, licensed under the GNU AFFERO GENERAL PUBLIC LICENSE Version 3

         Copyright 2021 Santiago Piccinini <spiccinini@altermindi.net>
       ]]--

    30 local ubus = require "ubus"
    30 local json = require "luci.jsonc"
    30 local utils = require "lime.utils"

    30 local conn = ubus.connect()
    30 if not conn then
*****0 	error("Failed to connect to ubus")
       end

       local function is_connected()
    20 	local exit_status = os.execute('check-internet')
    20 	local connected = false
    20 	if exit_status == 0 then
    10 		connected = true
       	end
    20 	return utils.printJson({status = 'ok', connected = connected})
       end

    30 local methods = {
    30 	is_connected = { no_params = 0 }
       }

    30 if arg[1] == 'list' then
    10 	utils.printJson(methods)
       end

    30 if arg[1] == 'call' then
    20 	local msg = utils.rpcd_readline()
    20 	msg = json.parse(msg)
    20 	if	  arg[2] == 'is_connected' then is_connected(msg)
*****0 	else utils.printJson({ error = "Method not found" })
       	end
       end

==============================================================================
packages/deferrable-reboot/files/usr/lib/lua/deferrable_reboot.lua
==============================================================================
    10 local utils = require "lime.utils"
    10 local config = require "lime.config"

    10 local defreboot = {}

    10 defreboot.DEFAULT_REBOOT_UPTIME = 60*60*27
    10 defreboot.SLEEP_BEFORE_REBOOT_S = 30

    10 defreboot.POSTPONE_FILE_PATH = '/tmp/deferrable-reboot.defer'

    10 function defreboot.config(min_uptime)
   110 	if min_uptime == nil then
    40 		local uci = config.get_uci_cursor()
    40 		local lime_min_uptime = config.get("system", "deferrable_reboot_uptime_s", false)
    40 		local general_min_uptime = uci:get("deferrable-reboot", "options", "deferrable_reboot_uptime_s")
    40 		min_uptime = tonumber(lime_min_uptime or general_min_uptime or defreboot.DEFAULT_REBOOT_UPTIME)
       	end
   110 	assert(type(min_uptime) == "number", "min_uptime must be a number")
   110 	defreboot.min_uptime = min_uptime
       end

    10 function defreboot.should_reboot()
    70 	local uptime_s = utils.uptime_s()
    70 	local postpone_until_s = defreboot.read_postpone_file()
    70 	local min_uptime = defreboot.min_uptime

    70 	if (postpone_until_s ~= nil) and (postpone_until_s > min_uptime) then
    30 		min_uptime = postpone_until_s
       	end
    70 	return uptime_s > min_uptime
       end

    10 function defreboot.postpone_util_s(uptime)
    30 	assert(type(uptime) == "number", "uptime must be a number")
    30 	local f = io.open(defreboot.POSTPONE_FILE_PATH, 'w')
    30 	f:write(tostring(uptime))
    30 	f:close()
       end


       --! use this function to postpone the reboot, also the following command can be used
       --! replacing SECONDS: # awk '{print $1 + SECONDS}' /proc/uptime > /tmp/deferrable-reboot.defer
    10 function defreboot.read_postpone_file()
    70 	local f = io.open(defreboot.POSTPONE_FILE_PATH)
    70 	if f ~= nil then
    30 		return tonumber(f:read("*l"))
       	end
    40 	return nil
       end

    10 function defreboot.reboot()
       	--! give time to sysupgrade to kill us
*****0 	nixio.nanosleep(defreboot.SLEEP_BEFORE_REBOOT_S)
*****0 	os.execute("reboot")
       end

    10 return defreboot

==============================================================================
packages/eupgrade/files/usr/lib/lua/eupgrade.lua
==============================================================================
    10 local utils = require "lime.utils"
    10 local json = require "luci.jsonc"
    10 local libuci = require "uci"
    10 local fs = require("nixio.fs")

    10 local eup = {}

    10 eup.STATUS_DEFAULT = 'not-initiated'
    10 eup.STATUS_DOWNLOADING = 'downloading'
    10 eup.STATUS_DOWNLOADED = 'downloaded'
    10 eup.STATUS_DOWNLOAD_FAILED = 'download-failed'


    10 local uci = libuci.cursor()

    10 function eup.set_workdir(workdir)
    90     if not utils.file_exists(workdir) then
     1         os.execute('mkdir -p ' .. workdir)
           end
    90     if fs.stat(workdir, "type") ~= "dir" then
*****0         error("Can't configure workdir " .. workdir)
           end
    90     eup.WORKDIR = workdir
    90     eup.DOWNLOAD_INFO_CACHE_FILE = eup.WORKDIR .. '/download_status'
    90     eup.FIRMWARE_LATEST_JSON = eup.WORKDIR .. "/firmware_latest.json"
    90     eup.FIRMWARE_LATEST_JSON_SIGNATURE = eup.FIRMWARE_LATEST_JSON .. '.sig'
       end

    10 eup.set_workdir("/tmp/eupgrades")

    10 function eup.is_enabled()
*****0     return uci:get('eupgrade', 'main', 'enabled') == '1'
       end

    10 function eup.get_upgrade_api_url()
    60     return uci:get('eupgrade', 'main', 'api_url') or ''
       end

    10 function eup._check_signature(file_path, signature_path)
*****0     local cmd = string.format("usign -q -V -P /etc/opkg/keys -x %s -m %s",
*****0                               signature_path, file_path)
*****0     local exit_status = os.execute(cmd)
*****0     return exit_status == 0
       end

    10 function eup._get_board_name()
*****0     return utils.read_file("/tmp/sysinfo/board_name"):gsub("\n","")
       end

    10 function eup._get_current_fw_version()
*****0     return utils.release_info()["DISTRIB_DESCRIPTION"]
       end

    10 function eup._file_sha256(path)
*****0     return utils.unsafe_shell(string.format("sha256sum %s", path)):match("^([^%s]+)")
       end


       --! check if a new firmware is available for download, returning the information of the version
       --! when cached_only is true it will not hit the network (only checking the local cache)
    10 function eup.is_new_version_available(cached_only)
           --! if 'latest' files are present is because there is a new version
    40     if utils.file_exists(eup.FIRMWARE_LATEST_JSON) and utils.file_exists(eup.FIRMWARE_LATEST_JSON_SIGNATURE) then
*****0         if eup._check_signature(eup.FIRMWARE_LATEST_JSON, eup.FIRMWARE_LATEST_JSON_SIGNATURE) then
*****0             return json.parse(utils.read_file(eup.FIRMWARE_LATEST_JSON))
               end
           end
    40     if cached_only then
*****0         return false
           end
           local message
    40     local board_name = eup._get_board_name()
    40     local current_firmware_version = eup._get_current_fw_version()
    40     local url = string.format("%slatest/%s.json", eup.get_upgrade_api_url(), utils.slugify(board_name))
    40     local latest_json = utils.http_client_get(url, 10)
    40     if not latest_json then
    10         message = "Can't download latest info from: " .. url
           else
    30         local latest_data = json.parse(latest_json)
    30         local version = latest_data['version']

    30         if version and current_firmware_version ~= version then
    20             utils.write_file(eup.FIRMWARE_LATEST_JSON, latest_json)
    20             local sig_url = url .. ".sig"
    20             if not utils.http_client_get(sig_url, 10, eup.FIRMWARE_LATEST_JSON_SIGNATURE) then
*****0                 message = "Can't download signature " .. sig_url
*****0                 utils.log(message)
                   end

    20             if eup._check_signature(eup.FIRMWARE_LATEST_JSON, eup.FIRMWARE_LATEST_JSON_SIGNATURE) then
    10                 utils.log("Good signature of firmware_latest.json")
    10                 return latest_data
                   else
    10                 message = "Bad signature of firmware_latest.json"
    10                 utils.log(message)
                   end
               end
           end
           --! remove the 'latest' files.
    30     utils.unsafe_shell(string.format('rm -f %s %s', eup.FIRMWARE_LATEST_JSON, eup.FIRMWARE_LATEST_JSON_SIGNATURE))
    30     return false, message
       end

    10 function eup.get_latest_info()
*****0     if utils.file_exists(eup.FIRMWARE_LATEST_JSON) then
*****0         return json.parse(utils.read_file(eup.FIRMWARE_LATEST_JSON))
           end
       end

    10 function eup.get_downloaded_info()
*****0     local latest_data = eup.get_latest_info()
*****0     if latest_data then
*****0         for _, image in pairs(latest_data['images']) do
*****0             local fw_type = image['type']
*****0             local firmware_path = eup.WORKDIR .. "/" .. image['name']
*****0             if utils.file_exists(firmware_path) then
*****0                 return firmware_path, fw_type
                   end
               end
           end
       end

    10 function eup.set_download_status(status)
    60     return utils.write_obj_store_var(eup.DOWNLOAD_INFO_CACHE_FILE, 'status', status)
       end

    10 function eup.get_download_status()
    80     local data = utils.read_obj_store(eup.DOWNLOAD_INFO_CACHE_FILE)
    80     if data.status == nil then
    30         return eup.STATUS_DEFAULT
           else
    50         return data.status
           end
       end

    10 function eup.download_firmware(latest_data)
    30     if eup.get_download_status() == eup.STATUS_DOWNLOADING then
    10         return nil, "Already downloading"
           end

           local image, message

           -- Select the image type, discarding unknown types. Prefer image installer over sysupgrade
    20     for _, im in pairs(latest_data['images']) do
    20         if im['type'] == 'installer' then
    20             image = im
    20             break
*****0         elseif im['type'] == 'sysupgrade' then
*****0             image = im
               end
           end

    20     if image then
    20         eup.set_download_status(eup.STATUS_DOWNLOADING)
    30         for _, url in pairs(image['download-urls']) do
    20             if not string.match(url, "://") then
    20                 url = eup.get_upgrade_api_url() .. url
                   end
    20             utils.log("Downloading the firmware from " .. url)

    20             local firmware_path = eup.WORKDIR .. "/" .. image['name']
    20             local download_status = utils.http_client_get(url, 10, firmware_path)
    20             if download_status then
    20                 if image['sha256'] ~= eup._file_sha256(firmware_path) then
    10                     message = "Error: the sha256 does not match"
    10                     utils.log(message)
    10                     utils.unsafe_shell('rm -f ' .. firmware_path)
                       else
    10                     utils.log("Firmware downloaded ok")
    10                     eup.set_download_status(eup.STATUS_DOWNLOADED)
    10                     return image
                       end
                   end
               end
           end

    10     eup.set_download_status(eup.STATUS_DOWNLOAD_FAILED)
    10     return nil, message
       end

    10 return eup

==============================================================================
packages/first-boot-wizard/files/usr/lib/lua/firstbootwizard.lua
==============================================================================
       #!/usr/bin/lua

       -- FIRSTBOOTWIZARD
       -- get_all_networks: Perform scan and fetch configurations
       -- apply_file_config: Set lime-community and apply configurations
       -- apply_user_configs: Set a new mesh network
       -- check_scan_file: Return /tmp/scanning status
       -- is_configured: returns true if FBW has already configured the node
       -- mark_as_configured: save the status of FBW as configured (is_configured will return true)
       -- read_configs: Return scan results

    13 local json = require 'luci.jsonc'
    13 local ft = require('firstbootwizard.functools')
    13 local utils = require('firstbootwizard.utils')
    13 local iwinfo = require("iwinfo")
    13 local wireless = require("lime.wireless")
    13 local fs = require("nixio.fs")
    13 local config = require("lime.config")
    13 local lutils = require("lime.utils")
    13 local nixio = require "nixio"
    13 local uci = require "uci"

    13 local fbw = {}

    13 fbw.WORKDIR = '/tmp/fbw/'
    13 fbw.COMMUNITY_HOST_CONFIG_PREFIX = 'lime-community__host__'
    13 fbw.COMMUNITY_ASSETS_TMPL = 'lime-community_assets__host__%s.tar.gz'
    13 fbw.SCAN_RESULTS_FILE = 'lime-scan-results.json'

    13 fbw.FETCH_CONFIG_STATUS = {
    13     downloaded_config = {
    13         retval = true, code = "downloaded_config"
    13     },
    13     downloading_config = {
    13         retval = true, code = "downloading_config"
    13     },
    13     error_download_lime_community = {
    13         retval = false, code = "error_download_lime_community"
    13     },
    13     error_not_configured = {
    13         retval = false, code = "error_not_configured"
    13     },
    13     error_download_lime_assets = {
    13         retval = false, code = "error_download_lime_assets"
    13     },
    13 }


    13 utils.execute('mkdir -p ' .. fbw.WORKDIR)

    13 function fbw.log(text)
   120     nixio.syslog('info', '[FBW] ' .. text)
       end

    13 function fbw.lime_community_assets_name(hostname)
    30     return fbw.WORKDIR .. string.format(fbw.COMMUNITY_ASSETS_TMPL, hostname)
       end

    13 function fbw.get_lime_communty_fname(hostname, bssid)
    40     return fbw.WORKDIR .. fbw.COMMUNITY_HOST_CONFIG_PREFIX .. hostname .. "__" .. bssid
       end

       -- Write lock file at begin
    13 function fbw.start_scan_file()
    40     local file = io.open("/tmp/scanning", "w")
    40     file:write("true")
    40     file:close()
       end

       -- Remove old results
    13 function fbw.clean_tmp()
*****0     utils.execute('rm -f ' .. fbw.WORKDIR .. '*')
       end

       -- Save working copy of wireless
    13 function fbw.backup_wifi_config()
*****0     utils.execute("cp /etc/config/wireless /tmp/wireless-temp")
       end

       -- Get networks in 5ghz radios
    13 function fbw.get_networks()
           -- Get all radios
    10     local radios = ft.map(utils.extract_prop(".name"), wireless.scandevices())
           -- Get only 5ghz radios
    10     local radios_5ghz = ft.filter(wireless.is5Ghz,  radios)
           -- Convert radios to phys (get a list of phys from radio devices)
    10     local phys = ft.map(utils.extract_phys_from_radios, radios_5ghz)
           -- Scan networks in phys and format result
    20     local networks = ft.map(
               function(phy)
*****0             local nets = iwinfo.nl80211.scanlist(phy)
*****0             return ft.map(utils.add_prop("phy_idx", utils.phy_to_idx(phy)), nets)
    10         end, phys)
           -- Merge results
    10     networks = ft.reduce(ft.flatTable, networks, {})
           -- Filter only remote mesh and ad-hoc networks
    10     networks = ft.filter(utils.filter_mesh, networks)
           -- Sort by signal
    10     networks = ft.sortBy('signal', true)(networks)
           -- Remove dupicated results in multiradios devices
    10     networks = utils.only_best(networks)
    10     return networks
       end

       -- Get macs from 5ghz radios
    13 function fbw.get_own_macs()
*****0     local radios = ft.map(utils.extract_prop(".name"), wireless.scandevices())
*****0     local radios_5ghz = ft.filter(wireless.is5Ghz,  radios)
*****0     local phys = ft.map(utils.extract_phys_from_radios, radios_5ghz)
*****0     return ft.map(function(phy) return table.concat(wireless.get_phy_mac(phy),":") end, phys)
       end

       -- Calc link local address and download lime-community
    13 function fbw.get_config(results, mesh_network)
*****0     fbw.log('Calc link local address and download lime-community - '.. json.stringify(mesh_network))
*****0     local mode = mesh_network.mode == "Mesh Point" and 'mesh' or 'adhoc'
*****0     local dev_id = 'wlan'..mesh_network['phy_idx']..'-'..mode
*****0     local stations = {}
*****0     local linksLocalIpv6 = {}
           -- Setup wireless interface
*****0     fbw.setup_wireless(mesh_network)
           -- Check if connected if not sleep some more until connected or ignore if 10s passed
*****0     utils.is_connected(dev_id)
           -- Get associated stations
*****0     stations = utils.get_stations_macs(dev_id)
           -- Remove own wifi networks
*****0     local own_macs = fbw.get_own_macs()
*****0     stations = ft.filter(utils.not_own_network(own_macs), stations)
           -- Calc ipv6
*****0     local linksLocalIpv6 = ft.map(utils.eui64, stations)
*****0     local hosts = ft.map(utils.append_network(dev_id), linksLocalIpv6)
           -- Add aditional info
*****0     local data = ft.map(function(host)
*****0         return { host = host, signal = mesh_network.signal, ssid = mesh_network.ssid, bssid = mesh_network.bssid  }
*****0     end, hosts)
*****0     data = utils.filter_alredy_scanned(data, results)
           -- Try to fetch remote config file
*****0     local configs = ft.map(fbw.fetch_config, data)
           -- Return only valid configs
*****0     for _, config in pairs(configs) do
*****0         results[config.host] = config
           end
*****0     return results
       end

       -- Setup wireless 
    13 function fbw.setup_wireless(mesh_network)
*****0     local phy_idx = mesh_network["phy_idx"]
*****0     local mode = mesh_network.mode == "Mesh Point" and 'mesh' or 'adhoc'
*****0     local device_name = "lm_wlan"..phy_idx.."_"..mode.."_radio"..phy_idx
*****0     local uci_cursor = config.get_uci_cursor()
           -- Get acutal settings
*****0     local current_channel = uci_cursor:get("wireless", 'radio'..phy_idx, "channel")
*****0     local current_mode = uci_cursor:get("wireless", device_name, "mode")
           -- Avoid unnecessary configuration changes
*****0     if  ( tonumber(current_channel) == tonumber(mesh_network.channel) and current_mode == mode ) then
*****0         return
           end
           -- Remove current wireless setup
*****0     uci_cursor:foreach("wireless", "wifi-iface", function(entry)
*****0         if entry['.name'] == device_name then
*****0             uci_cursor:delete("wireless", entry['.name']) 
               end
           end)
           -- Set new wireless configuration
*****0     uci_cursor:set("wireless", 'radio'..phy_idx, "channel", mesh_network.channel)
*****0     uci_cursor:set("wireless", device_name, "wifi-iface")
*****0     uci_cursor:set("wireless", device_name, "device", 'radio'..phy_idx)
*****0     uci_cursor:set("wireless", device_name, "ifname", 'wlan'..phy_idx..'-'..mode)
*****0     uci_cursor:set("wireless", device_name, "network", 'lm_net_wlan'..phy_idx..'_'..mode)
*****0     uci_cursor:set("wireless", device_name, "distance", '10000')
*****0     uci_cursor:set("wireless", device_name, "mode", mode)
*****0     uci_cursor:set("wireless", device_name, "mesh_id", 'LiMe')
*****0     uci_cursor:set("wireless", device_name, "ssid", 'LiMe')
*****0     uci_cursor:set("wireless", device_name, "mesh_fwding", '0')
*****0     uci_cursor:set("wireless", device_name, "bssid", 'ca:fe:00:c0:ff:ee')
*****0     uci_cursor:set("wireless", device_name, "mcast_rate", '6000')
*****0     uci_cursor:commit("wireless")
*****0     utils.execute("wifi down radio"..phy_idx.."; wifi up radio"..phy_idx)
*****0     os.execute("sleep 10s")
       end

    13 function fbw.fetch_lime_community(host, lime_community_fname)
    10     local res = lutils.http_client_get("http://[" .. host .. "]/cgi-bin/lime/lime-community", 10, lime_community_fname)
    10     if res == nil or utils.file_not_exists_or_empty(lime_community_fname) then
    10         res = lutils.http_client_get("http://[" .. host .. "]/lime-community", 10, lime_community_fname)
           end
    10     return res
       end

       -- Return true if download success, false otherwise
    13 function fbw.fetch_lime_community_assets(host, fname)
    30     local res = lutils.http_client_get("http://[" .. host .. "]/cgi-bin/lime/lime-community-assets", 10, lime_community_fname)
    30     return res
       end

       -- Fetch remote configuration and save result
    13 function fbw.fetch_config(data)
    40     fbw.log('Fetch config from '.. json.stringify(data))
    40     fbw.set_status_to_scanned_bbsid(data.bssid, fbw.FETCH_CONFIG_STATUS.downloading_config)
    40     local success = true
    40     local host = data.host

    40     local hostname = utils.execute("wget --no-check-certificate http://["..data.host.."]/cgi-bin/hostname -qO - "):gsub("\n", "")
    40     fbw.log('Hostname found: '.. hostname)
    40     if (hostname == '') then hostname = host end

    40     local lime_community_fname = fbw.get_lime_communty_fname(hostname, data.bssid)

    40     local res = fbw.fetch_lime_community(data.host, lime_community_fname)

           -- Remove lime-community files that are not yet configured.
           -- For this we asume that no ap_ssid options equals not configured.
    40     if res == true and not utils.file_not_exists_or_empty(lime_community_fname) then
    30         local f = io.open(lime_community_fname)
    30         local content = f:read("*a")
    30         f:close()
    30         if not content:match("ap_ssid") then
    10             fbw.set_status_to_scanned_bbsid(data.bssid, fbw.FETCH_CONFIG_STATUS.error_not_configured)
    10             utils.execute("rm " .. lime_community_fname)
    10             success = false
               else
    20             local fname = fbw.lime_community_assets_name(hostname)
    20             success = fbw.fetch_lime_community_assets(data.host, fname)
    20             if success == nil then
                       -- Error downloading lime community assets
    10                 success = false
    10                 fbw.set_status_to_scanned_bbsid(data.bssid, fbw.FETCH_CONFIG_STATUS.error_download_lime_assets)
                   end
               end
           else
               -- Error downloading lime community
    10         fbw.set_status_to_scanned_bbsid(data.bssid, fbw.FETCH_CONFIG_STATUS.error_download_lime_community)
    10         success = false
           end

    40     if success then
    10         fbw.set_status_to_scanned_bbsid(data.bssid, fbw.FETCH_CONFIG_STATUS.downloaded_config)
           end

    40     return { host = host, filename = lime_community_fname, success = success}
       end

       -- Restore previus wireless configuration
    13 function fbw.restore_wifi_config()
    10     utils.execute("cp /tmp/wireless-temp /etc/config/wireless")
    10     local allRadios = wireless.scandevices()
    10     for _, radio in pairs (allRadios) do
*****0         if wireless.is5Ghz(radio[".name"]) then
*****0             local phyIndex = radio[".name"].sub(radio[".name"], -1)
*****0             utils.execute("wifi down radio"..phyIndex.."; wifi up radio"..phyIndex)
               end
           end
       end

       -- Apply configuration permanenty
       -- TODO: check if config is valid
       -- TODO: use safe-reboot
    13 function fbw.apply_file_config(file, hostname)
*****0     fbw.log('apply_file_config(file=' .. file .. ', hostname=' .. hostname .. ')')
*****0     local uci_cursor = config.get_uci_cursor()
           --Check if lime-community exist
*****0     local filePath = fbw.WORKDIR .. file
*****0     utils.file_exists(filePath)
           -- Format hostname
*****0     hostname = hostname or config.get("system", "hostname")
           -- Clean previus lime configuration and replace lime-community
*****0     config.reset_node_config()
*****0     utils.execute("cp " .. filePath .. " /etc/config/" .. config.UCI_COMMUNITY_NAME)

           -- Setup the shared lime-assets
*****0     local remote_hostname = string.sub(file, #fbw.COMMUNITY_HOST_CONFIG_PREFIX + 1)
*****0     local lime_community_assets_fname = fbw.lime_community_assets_name(remote_hostname)
*****0     if utils.file_exists(lime_community_assets_fname) then
*****0         utils.execute(string.format("tar xfz %s -C /etc/lime-assets/", lime_community_assets_fname))
           end

           -- Run lime-config as first boot and  setup new hostname
*****0     uci_cursor:set(config.UCI_NODE_NAME, "system", "hostname", hostname)
*****0     fbw.end_config()
       end

       -- Remove scan lock file
    13 function fbw.end_scan()
    30     local file = io.open("/tmp/scanning", "w")
    30     file:write("false")
    30     file:close()
       end

       -- Read scan status
    13 function fbw.check_scan_file()
    90     local file = io.open("/tmp/scanning", "r")
    90     if(file == nil) then
    20         return nil
           end
    70     return assert(file:read("*a"), nil)
       end

    13 function fbw.is_configured()
    50     return config.get_bool('system', 'firstbootwizard_configured', false)
       end

    13 function fbw.mark_as_configured()
    10     local uci_cursor = config.get_uci_cursor()
    10     uci_cursor:set(config.UCI_NODE_NAME, 'system', 'firstbootwizard_configured', 'true')
       end

    13 function fbw.is_dismissed()
    50     return config.get_bool('system', 'firstbootwizard_dismissed', false)
       end

    13 function fbw.dismiss()
    10     local uci_cursor = config.get_uci_cursor()
    10     uci_cursor:set(config.UCI_NODE_NAME, 'system', 'firstbootwizard_dismissed', 'true')
    10     uci_cursor:commit(config.UCI_NODE_NAME)
    10     config.uci_autogen()
       end

       -- Get config from lime-default file
       local function getConfig(path)
    30     local uci_cursor = uci.cursor(fbw.WORKDIR)
    30     local config = uci_cursor:get_all(path)

    30     if config ~= nil then
    30         return config
           end
*****0     return {}
       end

       -- List downloaded lime-community
    13 function fbw.read_configs()
    70     local tempFiles = fs.dir(fbw.WORKDIR)
    70     local result = {}
   130     for file in tempFiles do
    60         if (file ~= nil and file:match("^" .. lutils.literalize(fbw.COMMUNITY_HOST_CONFIG_PREFIX))) then
    30             local config = getConfig(file)
    30             local trimedConfig = {}
    30             trimedConfig.wifi = config['wifi']
    60             table.insert(result, {
    30                 config = trimedConfig,
    30                 file = file
                   })
               end
           end

    70     return result
       end

       -- Apply configuration for a new network ( used in ubus daemon)
    13 function fbw.create_network(ssid, hostname, password, country)
    10     fbw.log('apply_file_config(ssid=' .. ssid .. ', hostname=' .. hostname .. ')')
    10     local uci_cursor = config.get_uci_cursor()

           -- Save changes in lime-community
    10     if password ~= nil and password ~= '' then
    10         lutils.set_shared_root_password(password)
           end
    10     if country then
*****0         uci_cursor:set("lime-community", 'wifi', 'country', country)
           end
    10     uci_cursor:set("lime-community", 'wifi', 'ap_ssid', ssid)
    10     uci_cursor:set("lime-community", 'wifi', 'apname_ssid', ssid..'/%H')
    10     uci_cursor:commit("lime-community")

           -- Apply new configuration and setup hostname
    10     config.reset_node_config()
    10     uci_cursor:set("lime-node", 'system', 'hostname', hostname or config.get("system", "hostname"))
    10     fbw.end_config()
       end

    13 function fbw.end_config()
*****0     local uci_cursor = config.get_uci_cursor()
*****0     fbw.mark_as_configured()
*****0     fbw.log('commiting lime-node')
*****0     uci_cursor:commit(config.UCI_NODE_NAME)
           -- Apply new configuration

*****0     os.execute("/usr/bin/lime-config")

*****0     os.execute("reboot")
       end

    13 function fbw.save_scan_results(networks)
   170     return lutils.write_obj_store(fbw.WORKDIR .. fbw.SCAN_RESULTS_FILE, networks)
       end

    13 function fbw.read_scan_results( )
   180     return lutils.read_obj_store(fbw.WORKDIR .. fbw.SCAN_RESULTS_FILE)
       end

       -- Used to add "status" to an entry on the scanresults file
    13 function fbw.set_status_to_scanned_bbsid(destBssid, status)
           -- Open scan_results.json
   100     local results = fbw.read_scan_results()
           -- Search ssid
   120     for k, v in pairs(results) do
   120         if(v['bssid'] == destBssid) then
                   -- Add status message
   100             v["status"] = status
   100             break
               end
           end
           -- Store it again
   100     fbw.save_scan_results(results)
       end

       -- Apply file config for specific file, hostname and stop scanning if running
    13 function fbw.set_network(file, hostname)
*****0     fbw.stop_search_networks() -- Stop firstbootwizard service if running
*****0     fbw.apply_file_config(file, hostname)
       end

       -- Scan for networks and fetch configurations files
    13 function fbw.get_all_networks()
*****0     local networks = {}
*****0     local configs = {}
*****0     fbw.log("Starting search networks")

*****0     fbw.log('Add lock file')
*****0     fbw.start_scan_file()
*****0     fbw.log('Clear previus scans')
*****0     fbw.clean_tmp()
*****0     fbw.log('Set wireless backup')
*****0     fbw.backup_wifi_config()
*****0     fbw.log('Get mesh networks')
*****0     networks = fbw.get_networks()
*****0     fbw.log('Saving mesh scan results')
*****0     fbw.save_scan_results(networks)
*****0     fbw.log('Get configs files')
*****0     configs = ft.reduce(fbw.get_config, networks, {})
*****0     fbw.log('Restore previous wireless configuration')
*****0     fbw.restore_wifi_config()
*****0     fbw.log('Remove lock file')
*****0     fbw.end_scan()
*****0     fbw.log('Return configs files names')
*****0     return configs
       end

       -- Run daemonized /bin/firstbootwizard execution that start get_all_networks
       -- Return false if already runing
    13 function fbw.start_search_networks()
    10     local scan_file = fbw.check_scan_file()
    10     if(scan_file == nil) or (scan_file == "false") then
    10         os.execute("rm -f /tmp/scanning")
    10         lutils.execute_daemonized("/bin/firstbootwizard")
    10         return true
           end
*****0     return false
       end

       -- Return object with status, read_configs() and read_scan_results()
    13 function fbw.status_search_networks()
    30     local scan_file = fbw.check_scan_file()
           local status
    30     if (scan_file == nil) then
    10         status = 'idle'
    20     elseif(scan_file == "true") then
    20         status = 'scanning'
           else
*****0         status = 'scanned'
           end
    30     lock = not fbw.is_configured() and not fbw.is_dismissed()
    30     return { lock = lock, status = status, networks = fbw.read_configs(), scanned = fbw.read_scan_results()}
       end

       -- todo(kon): check this work properly
    13 function fbw.kill_fbw()
    10     os.execute("killall firstbootwizard")
       end

       -- Function that stop get_all_networks function if running
    13 function fbw.stop_search_networks()
    10     local scan_file = fbw.check_scan_file()
    10     if (scan_file == "true") then
    10         fbw.log('Stopping firstbootwizard service')
    10         fbw.kill_fbw()
    10         fbw.log('Restore previus wireless configuration')
    10         fbw.restore_wifi_config()
    10         fbw.log('Remove lock file')
    10         fbw.end_scan()
    10         return true
           else
*****0         return true
           end
*****0     return false
       end

       -- Return false if can't perform the restart
    13 function fbw.restart_search_networks()
*****0     if fbw.stop_search_networks() then
*****0         return fbw.start_search_networks()
           end
*****0     return false        
       end

    13 return fbw

==============================================================================
packages/first-boot-wizard/files/usr/lib/lua/firstbootwizard/functools.lua
==============================================================================
    13 local functools = {}

       -- Lua implementation of the curry function
       -- Developed by tinylittlelife.org
       -- released under the WTFPL (http://sam.zoy.org/wtfpl/)

       -- curry(func, num_args) : take a function requiring a tuple for num_args arguments
       --              and turn it into a series of 1-argument functions
       -- e.g.: you have a function dosomething(a, b, c)
       --       curried_dosomething = curry(dosomething, 3) -- we want to curry 3 arguments
       --       curried_dosomething (a1) (b1) (c1)  -- returns the result of dosomething(a1, b1, c1)
       --       partial_dosomething1 = curried_dosomething (a_value) -- returns a function
       --       partial_dosomething2 = partial_dosomething1 (b_value) -- returns a function
       --       partial_dosomething2 (c_value) -- returns the result of dosomething(a_value, b_value, c_value)
    13 function functools.curry(func, num_args)

           -- currying 2-argument functions seems to be the most popular application
*****0     num_args = num_args or 2

           -- helper
           local function curry_h(argtrace, n)
*****0         if 0 == n then
                   -- reverse argument list and call function
*****0             return func(functools.reverse(argtrace()))
               else
                   -- "push" argument (by building a wrapper function) and decrement n
                   return function (onearg)
*****0                 return curry_h(function () return onearg, argtrace() end, n - 1)
                   end
               end
           end

           -- no sense currying for 1 arg or less
*****0     if num_args > 1 then
*****0         return curry_h(function () return end, num_args)
           else
*****0         return func
           end
       end

       -- reverse(...) : take some tuple and return a tuple of	elements in reverse order
       --
       -- e.g.	"reverse(1,2,3)" returns 3,2,1
    13 function functools.reverse(...)

           --reverse args by building a function to do it, similar to the unpack() example
           local function reverse_h(acc, v, ...)
*****0         if 0 == select('#', ...) then
*****0             return v, acc()
               else
*****0             return reverse_h(function () return v, acc() end, ...)
               end
           end

           -- initial acc is the end of the list
*****0     return reverse_h(function () return end, ...)
       end


    13 function functools.map(func, tbl)
    30     local newtbl = {}
    30     for i,v in pairs(tbl) do
*****0         newtbl[i] = func(v)
           end
    30     return newtbl
       end

    13 function functools.filter(func, tbl)
    20     local newtbl= {}
    20     local index=1;
    20     for i,v in pairs(tbl) do
*****0         if func(v, i) then
*****0             newtbl[index]=v
*****0             index = index + 1
               end
           end
    20     return newtbl
       end

    13 function functools.search(func, tbl)
*****0     for i,v in pairs(tbl) do
*****0         if func(v, i) then
*****0             return i
               end
           end

*****0     return 0
       end

    13 function functools.print_r ( t )
*****0     local print_r_cache={}
           local function sub_print_r(t,indent)
*****0         if (print_r_cache[tostring(t)]) then
*****0             print(indent.."*"..tostring(t))
               else
*****0             print_r_cache[tostring(t)]=true
*****0             if (type(t)=="table") then
*****0                 for pos,val in pairs(t) do
*****0                     if (type(val)=="table") then
*****0                         print(indent.."["..pos.."] => "..tostring(t).." {")
*****0                         sub_print_r(val,indent..string.rep(" ",string.len(pos)+8))
*****0                         print(indent..string.rep(" ",string.len(pos)+6).."}")
*****0                     elseif (type(val)=="string") then
*****0                         print(indent.."["..pos..'] => "'..val..'"')
                           else
*****0                         print(indent.."["..pos.."] => "..tostring(val))
                           end
                       end
                   else
*****0                 print(indent..tostring(t))
                   end
               end
           end
*****0     if (type(t)=="table") then
*****0         print(tostring(t).." {")
*****0         sub_print_r(t," ")
*****0         print("}")
           else
*****0         sub_print_r(t," ")
           end
*****0     print()
       end

    13 function functools.reduce(cb, tab, default)
    20     local result = default
    20     for k, act in pairs(tab) do
*****0         result = cb(result,act) 
           end
    20     return result
       end

    13 function functools.splitBy(option)
           return function(tab)
*****0         local result = {}
*****0         for k, obj in pairs(tab) do
*****0             if result[obj[option]] == nil then
*****0                 result[obj[option]] = {}
                   end
*****0             table.insert(result[obj.mode], obj)
               end
*****0         return result
           end
       end

    13 function functools.sortBy(option, reverse)
           return function(tab)
    20         table.sort(tab, function (left, right)
*****0             order = left[option] < right[option]
*****0             return (not reverse and order) or not order
               end)
    10         return tab
           end
       end

    13 function functools.flatTable(prev, act)
*****0     for i=1,#act do
*****0         prev[#prev+1] = act[i]
           end
*****0     return prev
       end

    13 return functools

==============================================================================
packages/first-boot-wizard/files/usr/lib/lua/firstbootwizard/utils.lua
==============================================================================
    13 local utils = {}

    13 local ft = require('firstbootwizard.functools')
    13 local fs = require("nixio.fs")
    13 local iwinfo = require("iwinfo")
    13 local json = require("luci.jsonc")
    13 local limeutils = require("lime.utils")

    13 function execute(cmd)
   453     local f = assert(io.popen(cmd, 'r'))
   453     local s = assert(f:read('*a'))
   453     f:close()
   453     return s
       end

    13 function utils.execute (cmd)
   453     return execute(cmd)
       end

    13 function utils.eui64(mac)
           local cmd = [[
           function eui64 {
               mac="$(echo "$1" | tr -d : | tr A-Z a-z)"
               mac="$(echo "$mac" | head -c 6)fffe$(echo "$mac" | tail -c +7)"
               let "b = 0x$(echo "$mac" | head -c 2)"
               let "b ^= 2"
               printf "%02x" "$b"
               echo "$mac" | tail -c +3 | head -c 2
               echo -n :
               echo "$mac" | tail -c +5 | head -c 4
               echo -n :
               echo "$mac" | tail -c +9 | head -c 4
               echo -n :
               echo "$mac" | tail -c +13
           }
*****0     echo -n `eui64 ]]..mac..'`'
*****0     return 'fe80::'..execute(cmd)
       end

    13 function utils.file_exists(filename)
*****0     return fs.stat(filename, "type") == "reg"
       end

    13 function utils.file_not_exists_or_empty(filename)
    30     local f=io.open(filename,"r") 
    30     if not f then return true end
    30     local size = f:seek("end")
    30     if f~=nil then io.close(f) end
    30     if size == 0 then return true else return false end
       end

    13 function split(str, sep)
*****0     local sep, fields = sep or ":", {}
*****0     local pattern = string.format("([^%s]+)", sep)
*****0     str:gsub(pattern, function(c) fields[#fields+1] = c end)
*****0     return fields
       end

    13 function utils.split(str, sep)
*****0     return split(str, sep)
       end

       -- splits a multiline string in a list of strings, one per line
    13 function lsplit(mlstring)
*****0     return split(mlstring, "\n")
       end

    13 function utils.lsplit(mlstring)
*****0     return lsplit(mlstring)
       end

    13 function utils.phy_to_idx(phy)
*****0     local substr = string.gsub(phy, "phy", "")
*****0     return tonumber(substr)
       end

    13 function utils.extract_phys_from_radios(radio)
*****0     return "phy"..radio.sub(radio, -1)
       end

    13 function utils.not_own_network(own_macs) 
           return function(remote_mac)
*****0         return limeutils.has_value(own_macs, remote_mac) ~= true
           end
       end

    13 function utils.add_prop(option, value)
           return function(tab)
*****0         tab[option] = value
*****0         return tab
           end
       end

    13 function utils.extract_prop(prop)
           return function(tab)
*****0         return tab[prop]
           end
       end

    13 function utils.read_file(file)
*****0     local lines = utils.lines_from("/tmp/"..file)
*****0     return lines
       end


    13 function tableEmpty(self)
*****0     for _, _ in pairs(self) do
*****0         return false
           end
*****0     return true
       end

    13 function utils.tableEmpty(self)
*****0     return tableEmpty(self)
       end

    13 function utils.hash_file(file)
*****0     return execute("md5sum "..file.." | awk '{print $1}'")
       end

    13 function utils.are_files_different(file1, file2)
*****0     return hash_file(file1) ~= hash_file(file2)
       end

    13 function utils.unpack_table(t)
*****0     local unpacked = {}
*****0     for k,v in ipairs(t) do
*****0         for sk, sv in ipairs(v) do
*****0             unpacked[#unpacked+1] = sv
               end
           end
*****0     return unpacked
       end

    13 function utils.filter_mesh(n)
*****0     return n.mode == "Ad-Hoc" or n.mode == "Mesh Point"
       end

       local same_network = function(net_a, net_b)
*****0     return net_a.channel == net_b.channel and net_a.ssid == net_b.ssid      
       end

       local find_network = function(network, data)
*****0     return ft.filter(function(net) return same_network(net,network) end, data)
       end

    13 function utils.only_best(networks)
    20     return ft.reduce(function(acc, network)
*****0         local existent = find_network(network, acc)
*****0         if #existent > 0 then
*****0             acc = ft.map(function(net)
*****0                 if same_network(net, network) and net.signal < network.signal then
*****0                     return network
                       end 
*****0                 return net
*****0             end,acc)
*****0             return acc
               end
*****0         table.insert(acc, network)
*****0         return acc
    10     end, networks, {})
       end

    13 function utils.is_connected(dev_id)
*****0     local isAssociated = {}
*****0     local i = 0
*****0     while (tableEmpty(isAssociated)) and i < 5 do
*****0         isAssociated = iwinfo.nl80211.assoclist(dev_id)
*****0         if tableEmpty(isAssociated) == false then break end
*****0         i = i + 1
*****0         os.execute("sleep 2s")
           end
       end

    13 function utils.get_stations_macs(network)
*****0     return lsplit(execute('iw dev '..network..' station dump | grep ^Station | cut -d\\  -f 2'))
       end

    13 function utils.append_network(dev)
           return function (ipv6)
*****0         return ipv6..'%'..dev
           end
       end

    13 function utils.filter_alredy_scanned(hosts, results)
*****0     local fe80scanned = ft.reduce(function(scanned, host)
*****0         local mac = split(host.host, "%%")[1]
*****0         scanned[mac] = mac
*****0         return scanned
*****0     end, results, {})

*****0     return ft.filter(function(host) 
*****0         local mac = split(host.host, "%%")[1]
*****0         return fe80scanned[mac] == nil
*****0     end, hosts)
       end

    13 return utils

==============================================================================
packages/lime-eth-config/files/usr/lib/lua/lime-eth-config.lua
==============================================================================
       -- ! LibreMesh
       -- ! Generic hook to be called as a symbolic link for each ref type
       -- ! Copyright (C) 2025  Javier Jorge 
       -- ! Copyright (C) 2025  Instituto Nacional de Tecnología Industrial (INTI) 
       -- ! Copyright (C) 2025  Asociación Civil Altermundi <info@altermundi.net>
       -- ! SPDX-License-Identifier: AGPL-3.0-
    10 local JSON = require("luci.jsonc")
    10 local utils = require("lime.utils")
    10 local config = require("lime.config")
    10 local libuci = require("uci")
    10 local node_status = require 'lime.node_status'

    10 local luci_config = libuci:cursor()
    10 local eht_config = {}

    10 function eht_config.get_eth_config()
    30     limenode_interfaces = {}
           --get configurations from lime-node
    30     local uci = config.get_uci_cursor()
    60     uci:foreach("lime-autogen", "net", function(entry)
*****0         if entry.eth_role ~= nil then
*****0             local interface = {}
*****0             interface.name = entry.linux_name
*****0             interface.eth_role = entry.eth_role
*****0             table.insert(limenode_interfaces, interface)
               end
           end)
           --get default settings 
    30     local switch_status = node_status.switch_status()
    30     local interfaces = {}
    30     if switch_status ~= nil then
   150         for _, status in ipairs(switch_status) do
   120             local interface = {
   120                 device = status.device,
   120                 num = status.num,
   120                 role = status.role,
   120                 link = status.link,
   120                 eth_role = "default" -- default value
                   }
   120             for _, limenode_interface in ipairs(limenode_interfaces) do
*****0                 if limenode_interface.name == status.device then
*****0                     interface.eth_role = limenode_interface.eth_role
                           break
                       end
                   end
   120             table.insert(interfaces, interface)
               end
           end
    30     return interfaces
       end

    10 function eht_config.delete_eth_config(tag_value)
    10     local uci = config.get_uci_cursor()
    10     config.uci:delete("lime-node", tag_value)
    10     config.uci:save("lime-node")
    10     uci:commit("lime-node")
       end

    10 function eht_config.set_eth_config(device, role)
    30     local tag_value = "lime_app_eth_cfg_" .. device:gsub("%.", "_")
    30     local uci = config.get_uci_cursor()
    30     local eth_role = uci:get("lime-node", tag_value, "eth_role")
           -- verify previous config
    30     if eth_role ~= nil then
*****0         if eth_role == role then
                   -- No changes needed, the role is already set
*****0             return true
               else
*****0             eht_config.delete_eth_config(tag_value)
               end
           end

           -- handle lm_hwd_openwrt_wan
    30     if role ~= "wan" then
               -- if the port was automatically configured as a wan port, we need to remove the
               -- wan protocol. If we returtn to default we need to enable auto detection.
    20         local switch_status = node_status.switch_status()
    20         if switch_status ~= nil then
   100             for _, status in ipairs(switch_status) do
    80                 if status.device == device and status.role == "wan" then
*****0                     if role == "lan" or role == "mesh" then
*****0                         uci:set("lime-node", "lm_hwd_openwrt_wan", "net")
*****0                         uci:set("lime-node", "lm_hwd_openwrt_wan", "autogenerated", "false")

*****0                     elseif role == "default" then
*****0                         uci:delete("lime-node", "lm_hwd_openwrt_wan")
                           end
                           break
                       end
                   end
               end
           end

    30     if role == "default" then
    10         eht_config.delete_eth_config(tag_value)
           else
    20         uci:set("lime-node", tag_value, "net")
    20         uci:set("lime-node", tag_value, "eth_role", role)
    20         uci:set("lime-node", tag_value, "linux_name", device)

    20         if role == "wan" then
    10             uci:set("lime-node", tag_value, "protocols", {"wan", "dynamic"})
    10         elseif role == "lan" then
*****0             uci:set("lime-node", tag_value, "protocols", {"lan"})
    10         elseif role == "mesh" then
    10             uci:set("lime-node", tag_value, "protocols", {"batadv:%N1", "babeld:17"})
               else
*****0             return false
               end
           end
    30     uci:commit("lime-node")
    30     config.uci:save("lime-node")
    30     os.execute("lime-config && /etc/init.d/network restart")
    30     return true
       end

    10 return eht_config

==============================================================================
packages/lime-eth-config/files/usr/libexec/rpcd/lime-eth-config
==============================================================================
       #!/usr/bin/env lua

       --! LibreMesh
       --! Generic hook to be called as a symbolic link for each ref type
       --! Copyright (C) 2025  Javier Jorge 
       --! Copyright (C) 2025  Instituto Nacional de Tecnología Industrial (INTI) 
       --! Copyright (C) 2025  Asociación Civil Altermundi <info@altermundi.net>
       --! SPDX-License-Identifier: AGPL-3.0-


    60 local json = require 'luci.jsonc'
    60 local utils = require 'lime.utils'
    60 local eth_config = require("lime-eth-config")


       local function get_eth_config(msg)
           
    30     interfaces = eth_config.get_eth_config()

    30     result = {}
    30     if interfaces and #interfaces > 0 then
    30       result.status = "ok"
    30       result.interfaces = interfaces
           else
*****0       result.status = "error"  
*****0       result.interfaces = {}
*****0       result.error = "No interface configuration found"
           end
    30     utils.printJson(result)
       end

    60 function set_eth_config(msg)
    30   local device, role = msg.device, msg.role

    30   if not device or not role then
*****0     return utils.printJson({ status = "error", error = "Missing parameters" })
         end

    30   local success = eth_config.set_eth_config(device, role)
    30   if success then
    30     utils.printJson({ status = "ok" })
         else
*****0     utils.printJson({ status = "error", error = "Failed to set eth ".. msg.device .. " as " .. msg.role  })
         end

       end

    60 local methods = {
    60   get_eth_config = { no_params = 0 },
    60   set_eth_config = { device = 'value', role = 'value'}
       }


    60 if arg[1] == 'list' then
*****0     utils.printJson(methods)
       end

    60 if arg[1] == 'call' then
    60     local msg = utils.rpcd_readline() or '{}'
    60     msg = json.parse(msg)
    60     if  arg[2] == 'get_eth_config' then get_eth_config(msg)
    30     elseif arg[2] == 'set_eth_config' then set_eth_config(msg)
*****0     else utils.printJson({ error = "Method not found" })
           end
       end

==============================================================================
packages/lime-hwd-ground-routing/files/usr/lib/lua/lime/hwd/ground_routing.lua
==============================================================================
       #!/usr/bin/lua

     5 local hardware_detection = require("lime.hardware_detection")
     5 local config = require("lime.config")
     5 local utils = require("lime.utils")

     5 local ground_routing = {}

     5 ground_routing.sectionNamePrefix = hardware_detection.sectionNamePrefix.."ground_routing_"

     5 function ground_routing.delete_all_switch_vlan_sections()
*****0 	local uci = config.get_uci_cursor()
*****0 	uci:foreach("network", "switch_vlan", function(s) uci:delete("network", s[".name"]) end )
*****0 	uci:save("network")
       end

     5 function ground_routing.clean()
     5 	local uci = config.get_uci_cursor()

     5 	function cleanGrSection(section)
    20 		if utils.stringStarts(section[".name"], ground_routing.sectionNamePrefix) then
*****0 			uci:delete("network", section[".name"])
       		end
       	end

     5 	uci:foreach("network", "switch_vlan", cleanGrSection)
     5 	uci:foreach("network", "interface", cleanGrSection)
     5 	uci:save("network")
       end

     5 function ground_routing.detect_hardware()
     5 	function parse_gr(section)
*****0 		local link_name = section[".name"]
*****0 		local net_dev = section["net_dev"]
*****0 		local vlan = section["vlan"]
*****0 		local uci = config.get_uci_cursor()

*****0 		function create_8021q_dev(vlan_p)
*****0 			local dev_secname = ground_routing.sectionNamePrefix..link_name.."_"..net_dev.."_"..vlan_p
*****0 			uci:set("network", dev_secname, "device")
*****0 			uci:set("network", dev_secname, "name", net_dev.."."..vlan_p)
*****0 			uci:set("network", dev_secname, "ifname", net_dev)
*****0 			uci:set("network", dev_secname, "type", "8021q")
*****0 			uci:set("network", dev_secname, "vid", vlan_p)
       		end

*****0 		local switch_dev = section["switch_dev"]
*****0 		if switch_dev then
*****0 			local switch_cpu_port = section["switch_cpu_port"]
*****0 			function tag_cpu_port(section)
*****0 				if (section["device"] ~= switch_dev) then return end

*****0 				local patterns = { "^"..switch_cpu_port.." ", " "..switch_cpu_port.."$", " "..switch_cpu_port.." "  }
*****0 				local substits = { switch_cpu_port.."t ",     " "..switch_cpu_port.."t", " "..switch_cpu_port.."t " }
*****0 				local matchCount = 0
*****0 				local m = 0
*****0 				for i,p in pairs(patterns) do
*****0 					section["ports"], m = section["ports"]:gsub(p, substits[i])
*****0 					matchCount = matchCount + m
       				end

*****0 				if (matchCount > 0) then
*****0 					create_8021q_dev(section["vlan"])
*****0 					uci:set("network", section[".name"], "ports", section["ports"])
       				end
       			end

*****0 			uci:foreach("network", "switch_vlan", tag_cpu_port)


*****0 			local sw_secname = ground_routing.sectionNamePrefix..link_name.."_sw_"..switch_dev.."_"..vlan
*****0 			local ports = switch_cpu_port.."t"
*****0 			for _,p in pairs(section["switch_ports"]) do
*****0 				ports = ports.." "..p
       			end

*****0 			uci:set("network", sw_secname, "switch_vlan")
*****0 			uci:set("network", sw_secname, "device", switch_dev)
*****0 			uci:set("network", sw_secname, "vlan", vlan)
*****0 			uci:set("network", sw_secname, "ports", ports)
       		end

*****0 		create_8021q_dev(vlan)

*****0 		uci:save("network")
       	end

       	local clean_needed -- if there are no hwd_gr sections defined, don't clean all switch_vlan sections
     5 	config.foreach("hwd_gr", function(s) clean_needed = true end)
     5 	if clean_needed then ground_routing.delete_all_switch_vlan_sections() end

     5 	config.foreach("hwd_gr", parse_gr)
       end

     5 return ground_routing

==============================================================================
packages/lime-hwd-openwrt-wan/files/usr/lib/lua/lime/hwd/openwrt_wan.lua
==============================================================================
       #!/usr/bin/lua

       --! LibreMesh community mesh networks meta-firmware
       --!
       --! Copyright (C) 2014-2023  Gioacchino Mazzurco <gio@eigenlab.org>
       --! Copyright (C) 2023  Asociación Civil Altermundi <info@altermundi.net>
       --!
       --! SPDX-License-Identifier: AGPL-3.0-only


    18 local hardware_detection = require("lime.hardware_detection")
    18 local config = require("lime.config")
    18 local utils = require("lime.utils")

    18 local openwrt_wan = {}

    18 openwrt_wan.sectionName = hardware_detection.sectionNamePrefix.."openwrt_wan"

    18 function openwrt_wan.clean()
     5 	if config.autogenerable(openwrt_wan.sectionName) then
     5 		config.delete(openwrt_wan.sectionName)
       	end
       end

    18 function openwrt_wan.detect_hardware()
    35 	if config.autogenerable(openwrt_wan.sectionName) then
       		local ifname
    35 		local board = utils.getBoardAsTable()
    35 		local networkTable = board['network']
    35 		if networkTable then
    25 			local wanTable = networkTable['wan']
    25 			if wanTable then
    15 				ifname = wanTable['device']
       			end
       		end
    35 		if ifname and ifname ~= "" then
    15 			local protos = {}
    15 			local net = require("lime.network")
    15 			local utils = require("lime.utils")
    75 			for _, pArgs in pairs(config.get("network", "protocols")) do
    60 				local pArr = utils.split(pArgs, net.protoParamsSeparator)
    60 				if ( pArr[1] == "bmx6" or pArr[1] == "bmx7") then
    10 					pArr[2] = 0
    10 					pArgs = table.concat(pArr, net.protoParamsSeparator)
    10 					table.insert(protos, pArgs)
    50 				elseif ( pArr[1]~="lan" and pArr[1]~="wan" ) then
    35 					table.insert(protos, pArgs)
       				end
       			end
    15 			table.insert(protos, "wan")

    15 			config.init_batch()
    15 			config.set(openwrt_wan.sectionName, "net")
    15 			config.set(openwrt_wan.sectionName, "autogenerated", "true")
    15 			config.set(openwrt_wan.sectionName, "protocols", protos)
    15 			config.set(openwrt_wan.sectionName, "linux_name", ifname)
    15 			config.end_batch()

    15 			utils.dbg("WAN interface:", ifname)
       		else
    20 			utils.dbg("WAN interface not found")
       		end
       	end
       end

    18 return openwrt_wan

==============================================================================
packages/lime-hwd-usbradio/files/usr/lib/lua/lime/hwd/usbradio.lua
==============================================================================
       #!/usr/bin/lua

     5 local utils = require("lime.utils")
     5 local config = require("lime.config")
     5 local hardware_detection = require("lime.hardware_detection")

     5 local libuci = require("uci")
     5 local fs = require("nixio.fs")

     5 usbradio = {}

     5 usbradio.sectionNamePrefix = hardware_detection.sectionNamePrefix.."usbradio_"

       --! Remove configuration about no more plugged usb radio
    10 function usbradio.clean()
     5 	local uci = libuci:cursor()

       	--! This function control if a usb radio configuration section is valid otherwise delete it 
       	local function test_and_clean_device(s)
       		--! Check if passed section is an usb radio
*****0 		local sectionName = s[".name"]
*****0 		if utils.stringStarts(sectionName, usbradio.sectionNamePrefix) then
       			--! Check if the section is autogenerated otherwise do not touch it
       			--! We check it to avoid delete usb radio sections manually configured 
*****0 			if config.get_bool(sectionName, "autogenerated") then
*****0 				local phyIndex = sectionName:match("%d+$")
       				--! Check if the usb radio exist
       				--! If the usb radio does not exist anymore (numberOfMatches < 1) delete it
*****0 				local _, numberOfMatches = fs.glob("/sys/devices/"..s["path"].."/ieee80211/phy"..phyIndex)
*****0 				if numberOfMatches < 1 then
*****0 					local radioName = s["radio_name"]
*****0 					uci:delete("wireless", radioName)
*****0 					config.delete(sectionName)
       				end
       			end
       		end
       	end

       	--! For each wifi-device section call test_and_clean_device function 
     5 	uci:foreach("wireless", "wifi-device", test_and_clean_device)
     5 	uci:save("wireless")
       end


       --! Detect the usb radio and configurate it
    10 function usbradio.detect_hardware()
     5 	local stdOutput = io.popen("find /sys/devices | grep usb | grep ieee80211 | grep 'phy[0-9]*$'")
       	--! Repeat for each usb radio found
     5 	for path in stdOutput:lines() do
       		--! Define useful variables
*****0 		local endBasePath, phyEnd = string.find(path, "/ieee80211/phy")
*****0 		local phyPath = string.sub(path, 14, endBasePath-1)
*****0 		local phyIndex = string.sub(path, phyEnd+1)
*****0 		local radioName = "radio"..phyIndex
*****0 		local sectionName = usbradio.sectionNamePrefix..radioName

       		--! If sectionName exist and it is autogenerated configure it
       		--! If sectionName does not exist it is created and configured
       		--! Check if a sectionName is autogenerated avoid delete usb radio introduced by the user
*****0 		if config.autogenerable(sectionName) then
*****0 			local uci = libuci:cursor()

       			--! Delete the usb radio
*****0 			uci:delete("wireless", radioName)
       			--! Create and configure the usb radio directly in the OpenWRT system (wireless)
*****0 			uci:set("wireless", radioName, "wifi-device")
*****0 			uci:set("wireless", radioName, "type", "mac80211")
*****0 			uci:set("wireless", radioName, "channel", "11") --TODO: working on all 802.11bgn devices; find a general way for working in different devices
*****0 			uci:set("wireless", radioName, "band", "2g") --TODO: working on all 802.11gn devices; find a general way for working in different devices
*****0 			uci:set("wireless", radioName, "path", phyPath)
*****0 			uci:set("wireless", radioName, "htmode", "HT20")
*****0 			uci:set("wireless", radioName, "disabled", "0")

*****0 			uci:save("wireless")

       			--! Write just once on the disk all the config.set
*****0 			config.init_batch()
*****0 			config.set(sectionName, "wifi")
*****0 			config.set(sectionName, "autogenerated", "true")
*****0 			config.set(sectionName, "radio_name", radioName)

       			--! Configuration of an usb radio using general option in LiMe
*****0 			for option_name, value in pairs(config.get_all("wifi")) do
       				--! Options that start with point are hidden option, we exclude them as they can cause problems
*****0 				if (option_name:sub(1,1) ~= ".") then
       					--! Needed a table or a string for config.set
*****0 					if ( type(value) ~= "table" ) then value = tostring(value) end
*****0 					config.set(sectionName, option_name, value)
       				end
       			end
       			
*****0 			local modes = {}
*****0 			for _, mode in pairs(config.get("wifi", "modes")) do
*****0 				if mode ~= "adhoc" then table.insert(modes, mode) end
       			end
*****0 			config.set(sectionName, "modes", modes)

*****0 			config.end_batch()
       		end
       	end
       end


     5 return usbradio

==============================================================================
packages/lime-hwd-watchcat/files/usr/lib/lua/lime/hwd/watchcat.lua
==============================================================================
       #!/usr/bin/lua

     5 local hardware_detection = require("lime.hardware_detection")
     5 local config = require("lime.config")
     5 local utils = require("lime.utils")

     5 local watchcat = {}

     5 watchcat.sectionNamePrefix = hardware_detection.sectionNamePrefix.."watchcat_"

       local function reload_watchcat()
*****0         os.execute("/etc/init.d/watchcat reload")
       end

     5 function watchcat.clean()
     5         local uci = config.get_uci_cursor()
     5         local modified = false

               local function clear_watchcat_section(section)
*****0                 local is_ours = utils.stringStarts(section[".name"], watchcat.sectionNamePrefix)
                       
*****0                 local is_anon = section[".anonymous"]

*****0                 if is_ours or is_anon then
*****0                         uci:delete("watchcat", section[".name"])
*****0                         modified = true
                       end
               end

     5         uci:foreach("watchcat", "watchcat", clear_watchcat_section)
     5         if modified then
*****0                 uci:save("watchcat")
*****0                 reload_watchcat()
               end
       end

     5 function watchcat.detect_hardware()
     5         local uci = config.get_uci_cursor()
     5         local user_defined = false 
               
    10         config.foreach("hwd_watchcat", function(user_section)
*****0                 user_defined = true
*****0                 local identifier = user_section.id or "default"
*****0                 local section_name = watchcat.sectionNamePrefix .. identifier

*****0                 uci:set("watchcat", section_name, "watchcat")

*****0                 for option_key, option_value in pairs(user_section) do
                               -- discards .name, .type keys and id name sections
*****0                         if option_key:sub(1,1) ~= "." and option_key ~= "id" then
*****0                                 uci:set("watchcat", section_name, option_key, option_value)
                               end
                       end 
               end)
               -- only saved if we actually aplied any user section
     5         if user_defined then
*****0                 uci:save("watchcat")
*****0                 reload_watchcat()
               end
       end

     5 return watchcat

==============================================================================
packages/lime-proto-babeld/files/usr/lib/lua/lime/proto/babeld.lua
==============================================================================
       #!/usr/bin/lua

       --! LiMe Proto Babeld
       --! Copyright (C) 2018  Gioacchino Mazzurco <gio@altermundi.net>
       --!
       --! This program is free software: you can redistribute it and/or modify
       --! it under the terms of the GNU Affero General Public License as
       --! published by the Free Software Foundation, either version 3 of the
       --! License, or (at your option) any later version.
       --!
       --! This program is distributed in the hope that it will be useful,
       --! but WITHOUT ANY WARRANTY; without even the implied warranty of
       --! MERCHANTABILITY or FITNESS FOR A PARTICULAR PURPOSE.  See the
       --! GNU Affero General Public License for more details.
       --!
       --! You should have received a copy of the GNU Affero General Public License
       --! along with this program.  If not, see <http://www.gnu.org/licenses/>.

     5 local network = require("lime.network")
     5 local config = require("lime.config")
     5 local fs = require("nixio.fs")

     5 babeld = {}

     5 babeld.configured = false

    10 function babeld.configure(args)
    60 	if babeld.configured then return end
     5 	babeld.configured = true

     5 	utils.log("lime.proto.babeld.configure(...)")

     5 	fs.writefile("/etc/config/babeld", "")

     5 	local uci = config.get_uci_cursor()

     5 	if config.get("network", "babeld_over_librenet6", false) then
*****0 		uci:set("babeld", "librenet6", "interface")
*****0 		uci:set("babeld", "librenet6", "ifname", "librenet6")
*****0 		uci:set("babeld", "librenet6", "type", "tunnel")
       	end

     5 	uci:set("babeld", "general", "general")
     5 	uci:set("babeld", "general", "local_port", "30003")
     5 	uci:set("babeld", "general", "ubus_bindings", "true")

     5 	uci:set("babeld", "ula6", "filter")
     5 	uci:set("babeld", "ula6", "type", "redistribute")
     5 	uci:set("babeld", "ula6", "ip", "fc00::/7")
     5 	uci:set("babeld", "ula6", "action", "allow")

     5 	uci:set("babeld", "public6", "filter")
     5 	uci:set("babeld", "public6", "type", "redistribute")
     5 	uci:set("babeld", "public6", "ip", "2000::0/3")
     5 	uci:set("babeld", "public6", "action", "allow")

     5 	uci:set("babeld", "default6", "filter")
     5 	uci:set("babeld", "default6", "type", "redistribute")
     5 	uci:set("babeld", "default6", "ip", "0::0/0")
     5 	uci:set("babeld", "default6", "le", "0")
     5 	uci:set("babeld", "default6", "action", "allow")

     5 	uci:set("babeld", "mesh4", "filter")
     5 	uci:set("babeld", "mesh4", "type", "redistribute")
     5 	uci:set("babeld", "mesh4", "ip", "10.0.0.0/8")
     5 	uci:set("babeld", "mesh4", "action", "allow")

     5 	uci:set("babeld", "mptp4", "filter")
     5 	uci:set("babeld", "mptp4", "type", "redistribute")
     5 	uci:set("babeld", "mptp4", "ip", "172.16.0.0/12")
     5 	uci:set("babeld", "mptp4", "action", "allow")

     5 	uci:set("babeld", "default4", "filter")
     5 	uci:set("babeld", "default4", "type", "redistribute")
     5 	uci:set("babeld", "default4", "ip", "0.0.0.0/0")
     5 	uci:set("babeld", "default4", "le", "0")
     5 	uci:set("babeld", "default4", "action", "allow")

       	-- Avoid redistributing extra local addesses
     5 	uci:set("babeld", "localdeny", "filter")
     5 	uci:set("babeld", "localdeny", "type", "redistribute")
     5 	uci:set("babeld", "localdeny", "local", "true")
     5 	uci:set("babeld", "localdeny", "action", "deny")

       	-- Avoid redistributing enything else
     5 	uci:set("babeld", "denyany", "filter")
     5 	uci:set("babeld", "denyany", "type", "redistribute")
     5 	uci:set("babeld", "denyany", "action", "deny")

     5 	uci:save("babeld")

       end

    10 function babeld.setup_interface(ifname, args)
    55 	if not args["specific"] and ifname:match("^wlan%d+.ap") then
    30 		utils.log("lime.proto.babeld.setup_interface(%s, ...) ignored", ifname)
    30 		return
       	end

    25 	utils.log("lime.proto.babeld.setup_interface(%s, ...)", ifname)

    25 	local vlanId = args[2] or 17
    25 	local vlanProto = args[3] or "8021ad"
    25 	local nameSuffix = args[4] or "_babeld"

       	local owrtInterfaceName, linuxVlanIfName, owrtDeviceName =
    25 	  network.createVlanIface(ifname, vlanId, nameSuffix, vlanProto)

    25 	local ipv4, _ = network.primary_address()

    25 	local uci = config.get_uci_cursor()

    25 	if(vlanId ~= 0 and (ifname:match("^eth") or ifname:match("^lan"))) then
     5 		uci:set("network", owrtDeviceName, "mtu", tostring(network.MTU_ETH_WITH_VLAN))
       	end

    25 	uci:set("network", owrtInterfaceName, "proto", "static")
    25 	uci:set("network", owrtInterfaceName, "ipaddr", ipv4:host():string())
    25 	uci:set("network", owrtInterfaceName, "netmask", "255.255.255.255")
    25 	uci:save("network")

    25 	uci:set("babeld", owrtInterfaceName, "interface")
    25 	uci:set("babeld", owrtInterfaceName, "ifname", linuxVlanIfName)
       	--! It is quite common to have dummy radio device attached via ethernet so
       	--! disable wired optimization always as it would consider the link down at
       	--! first packet lost
    25 	uci:set("babeld", owrtInterfaceName, "type", "wireless")

    25 	uci:save("babeld")
       end

    10 function babeld.runOnDevice(linuxDev, args)
*****0 	utils.log("lime.proto.babeld.runOnDevice(%s, ...)", linuxDev)

*****0 	local vlanId = args[2] or 17
*****0 	local vlanProto = args[3] or "8021ad"

*****0 	local vlanDev = network.createVlan(linuxDev, vlanId, vlanProto)
*****0 	network.createStatic(vlanDev)

*****0 	local libubus = require("ubus")
*****0 	local ubus = libubus.connect()
*****0 	ubus:call('babeld', 'add_interface', { ifname = vlanDev })
       end

     5 return babeld

==============================================================================
packages/lime-proto-batadv/files/usr/lib/lua/lime/proto/batadv.lua
==============================================================================
       #!/usr/bin/lua

    15 local fs = require("nixio.fs")
    15 local lan = require("lime.proto.lan")
    15 local utils = require("lime.utils")
    15 local network = require("lime.network")
    15 local config = require("lime.config")

    15 batadv = {}

    15 batadv.configured = false

    30 function batadv.configure(args)
    80 	if batadv.configured then return end
    25 	batadv.configured = true

    25 	local uci = config.get_uci_cursor()

    25 	uci:set("network", "bat0", "interface")
    25 	uci:set("network", "bat0", "proto", "batadv")
       	-- BATMAN_V uses throughput rather than packet loss (as in BATMAN_IV) for evaluating
       	-- the quality of a link. Still, by default we continue selecting BATMAN_IV
    25 	local routing_algo = config.get("network", "batadv_routing_algo", "BATMAN_IV")
    25 	uci:set("network", "bat0", "routing_algo", routing_algo)
    25 	uci:set("network", "bat0", "bridge_loop_avoidance", "1")
    25 	uci:set("network", "bat0", "multicast_mode", "0")
       	-- by default, BATMAN-adv sends out one Originator Message (OGM) every second (orig_interval=1000)
       	-- in a network with static nodes, a larger interval between OGM packets can be used (e.g. 2000)
       	-- see https://github.com/libremesh/lime-packages/issues/1010
    25 	local orig_interval = config.get("network", "batadv_orig_interval", "2000")
    25         uci:set("network", "bat0", "orig_interval", orig_interval)

       	-- if anygw enabled disable DAT that doesn't play well with it
       	-- and set gw_mode=client everywhere. Since there's no gw_mode=server, this makes bat0 never forward requests
       	-- so a rogue DHCP server doesn't affect whole network (DHCP requests are always answered locally)
   105 	for _,proto in pairs(config.get("network", "protocols")) do
    80 		if proto == "anygw" then
    15 			uci:set("network", "bat0", "distributed_arp_table", "0")
    15 			uci:set("network", "bat0", "gw_mode", "client")
       		end
       	end
    25 	uci:save("network")
    25 	lan.setup_interface("bat0", nil)

       	-- enable alfred on bat0 if installed
    25 	if utils.is_installed("alfred") then
*****0 		uci:set("alfred", "alfred", "batmanif", "bat0")
*****0 		uci:save("alfred")
       	end
       end

    30 function batadv.setup_interface(ifname, args)
    55 	if not args["specific"] then
    50 		if ifname:match("^wlan%d+.ap") then
    60 			utils.log( "lime.proto.batadv.setup_interface(%s, ...) ignored",
    30 			           ifname )
    30 			return
       		end
       	end

    25 	utils.log("lime.proto.batadv.setup_interface(%s, ...)", ifname)

    25 	local vlanId = args[2] or "%N1"
    25 	local vlanProto = args[3] or "8021ad"
    25 	local nameSuffix = args[4] or "_batadv"
    25 	local mtu = 1532

       	--! Unless a specific integer is passed, parse network_id (%N1) template
       	--! and use that number to get a vlanId between 29 and 284 for batadv
       	--! (to avoid overlapping with other protocols,
       	--! complex definition is for keeping retrocompatibility)
    25 	if not tonumber(vlanId) then vlanId = 29 + (utils.applyNetTemplate10(vlanId) - 13) % 256 end

    25 	local owrtInterfaceName, _, owrtDeviceName = network.createVlanIface(ifname, vlanId, nameSuffix, vlanProto)

    25 	local uci = config.get_uci_cursor()
    25 	uci:set("network", owrtInterfaceName, "proto", "batadv_hardif")
    25 	uci:set("network", owrtInterfaceName, "master", "bat0")

    25 	if ifname:match("^eth") then
       		--! TODO: Use DSA to check if ethernet device is capable of bigger MTU
       		--! reducing it
*****0 		mtu = network.MTU_ETH_WITH_VLAN
       	end

       	--! Avoid dmesg flooding caused by BLA with messages like "br-lan:
       	--! received packet on bat0 with own address as source address".
       	--! Tweak MAC address for each of the interfaces used by Batman-adv
       	--! 00 + Locally administered unicast .. 2 bytes from interface name
       	--! .. 3 bytes from main interface
    25 	local id = utils.get_id(ifname)
    25 	local vMacaddr = network.primary_mac();
    25 	vMacaddr[1] = "02"
    25 	vMacaddr[2] = id[2]
    25 	vMacaddr[3] = id[3]
    25 	uci:set("network", owrtDeviceName, "macaddr", table.concat(vMacaddr, ":"))

    25 	uci:set("network", owrtDeviceName, "mtu", mtu)
    25 	uci:save("network")
       end

    30 function batadv.runOnDevice(linuxDev, args)
*****0 	args = args or {}
*****0 	local vlanId = args[2] or "%N1"
*****0 	local vlanProto = args[3] or "8021ad"

*****0 	utils.log("lime.proto.batadv.runOnDevice(%s, ...)", linuxDev)


*****0 	local mtu = 1532

*****0 	if not tonumber(vlanId) then
*****0 		vlanId = 29 + (utils.applyNetTemplate10(vlanId) - 13) % 256
       	end

*****0 	local devName = network.createVlan(linuxDev, vlanId, vlanProto)
*****0 	local ifName = network.limeIfNamePrefix..linuxDev .. "_batadv"

*****0 	local ifaceConf = {
       		name   = ifName,
       		proto  = "batadv_hardif",
       		auto   = "1",
       		device = devName,
*****0 		master = "bat0"
       	}

*****0 	local libubus = require("ubus");
*****0 	local ubus = libubus.connect()
*****0 	ubus:call('network', 'add_dynamic', ifaceConf)
*****0 	ubus:call('network.interface.'..ifName, 'up', {})


       --! TODO: as of today ubus silently fails to properly setting up a linux network
       --! device for batman ADV usage dinamycally work around it by using
       --! shell commands instead
*****0 	network.createStatic(devName)
*****0 	utils.unsafe_shell("batctl if add "..devName)
       end

    15 return batadv

==============================================================================
packages/lime-proto-bmx7/files/usr/lib/lua/lime/proto/bmx7.lua
==============================================================================
       #!/usr/bin/lua

     5 local network = require("lime.network")
     5 local config = require("lime.config")
     5 local fs = require("nixio.fs")
     5 local libuci = require("uci")
     5 local wireless = require("lime.wireless")
     5 local utils = require("lime.utils")

     5 bmx7 = {}

     5 bmx7.configured = false
     5 bmx7.f = "bmx7"

    10 function bmx7.configure(args)
    60 	if bmx7.configured then return end
     5 	bmx7.configured = true

     5 	local uci = libuci:cursor()
     5 	local ipv4, ipv6 = network.primary_address()

     5 	fs.writefile("/etc/config/"..bmx7.f, "")

     5 	uci:set(bmx7.f, "general", "bmx7")
     5 	uci:set(bmx7.f, "general", "dbgMuteTimeout", "1000000")
     5 	uci:set(bmx7.f, "general", "tunOutTimeout", "100000")
     5 	uci:set(bmx7.f, "general", "configSync", "0")
     5 	uci:set(bmx7.f, "general", "syslog", "0")

     5 	uci:set(bmx7.f, "main", "tunDev")
     5 	uci:set(bmx7.f, "main", "tunDev", "main")
     5 	uci:set(bmx7.f, "main", "tun4Address", ipv4:string())
     5 	uci:set(bmx7.f, "main", "tun6Address", ipv6:string())

       	-- If publish own IP enabled, configure tunIn
     5 	local pub_own_ip = config.get_bool("network", "bmx7_publish_ownip", false)
     5 	if (pub_own_ip) then
*****0 		uci:set(bmx7.f, "myIP4", "tunIn")
*****0 		uci:set(bmx7.f, "myIP4", "tunIn", "myIP4")
*****0 		uci:set(bmx7.f, "myIP4", "network", ipv4:host():string()..'/32')
*****0 		uci:set(bmx7.f, "myIP6", "tunIn")
*****0 		uci:set(bmx7.f, "myIP6", "tunIn", "myIP6")
*****0 		uci:set(bmx7.f, "myIP6", "network", ipv6:host():string()..'/128')
       	end

       	-- Enable bmx7 uci config plugin
     5 	uci:set(bmx7.f, "config", "plugin")
     5 	uci:set(bmx7.f, "config", "plugin", "bmx7_config.so")

       	-- Enable JSON plugin to get bmx7 information in json format
     5 	if utils.is_installed("bmx7-json") then
*****0 		uci:set(bmx7.f, "json", "plugin")
*****0 		uci:set(bmx7.f, "json", "plugin", "bmx7_json.so")
       	end

       	-- Enable topology plugin to get netjson file
     5 	if utils.is_installed("bmx7-topology") then
*****0 		uci:set(bmx7.f, "topology", "plugin")
*****0 		uci:set(bmx7.f, "topology", "plugin", "bmx7_topology.so")
       	end

       	-- Enable iwinfo plugin to get better link bandwidth estimation
     5 	if utils.is_installed("bmx7-iwinfo") then
*****0 		uci:set(bmx7.f, "iwinfo", "plugin")
*****0 		uci:set(bmx7.f, "iwinfo", "plugin", "bmx7_iwinfo.so")
       	end

       	-- Enable SMS plugin to enable sharing of small files
     5 	if utils.is_installed("bmx7-sms") then
*****0 		uci:set(bmx7.f, "sms", "plugin")
*****0 		uci:set(bmx7.f, "sms", "plugin", "bmx7_sms.so")
       	end

       	-- Enable tun plugin, DISCLAIMER: this must be positioned before table plugin if used.
     5 	uci:set(bmx7.f, "ptun", "plugin")
     5 	uci:set(bmx7.f, "ptun", "plugin", "bmx7_tun.so")

       	-- Disable ThrowRules because they are broken in IPv6 with current Linux Kernel
     5 	uci:set(bmx7.f, "ipVersion", "ipVersion")
     5 	uci:set(bmx7.f, "ipVersion", "ipVersion", "6")

       	-- Search for networks in 172.16.0.0/12
     5 	uci:set(bmx7.f, "nodes", "tunOut")
     5 	uci:set(bmx7.f, "nodes", "tunOut", "nodes")
     5 	uci:set(bmx7.f, "nodes", "network", "172.16.0.0/12")

       	-- Search for networks in 10.0.0.0/8
     5 	uci:set(bmx7.f, "clouds", "tunOut")
     5 	uci:set(bmx7.f, "clouds", "tunOut", "clouds")
     5 	uci:set(bmx7.f, "clouds", "network", "10.0.0.0/8")

       	-- Search for internet in the mesh cloud
     5 	uci:set(bmx7.f, "inet4", "tunOut")
     5 	uci:set(bmx7.f, "inet4", "tunOut", "inet4")
     5 	uci:set(bmx7.f, "inet4", "network", "0.0.0.0/0")
     5 	uci:set(bmx7.f, "inet4", "maxPrefixLen", "0")

       	-- Search for internet IPv6 gateways in the mesh cloud
     5 	uci:set(bmx7.f, "inet6", "tunOut")
     5 	uci:set(bmx7.f, "inet6", "tunOut", "inet6")
     5 	uci:set(bmx7.f, "inet6", "network", "::/0")
     5 	uci:set(bmx7.f, "inet6", "maxPrefixLen", "0")

       	-- Search for other mesh cloud announcements that have public ipv6
     5 	uci:set(bmx7.f, "publicv6", "tunOut")
     5 	uci:set(bmx7.f, "publicv6", "tunOut", "publicv6")
     5 	uci:set(bmx7.f, "publicv6", "network", "2000::/3")
     5 	uci:set(bmx7.f, "publicv6", "maxPrefixLen", "64")

       	-- Set prefered GW if defined
     5 	local pref_gw = config.get("network", "bmx7_pref_gw")
     5 	if (pref_gw ~= "none") then
*****0 		uci:set(bmx7.f, "inet4p", "tunOut")
*****0 		uci:set(bmx7.f, "inet4p", "tunOut", "inet4p")
*****0 		uci:set(bmx7.f, "inet4p", "network", "0.0.0.0/0")
*****0 		uci:set(bmx7.f, "inet4p", "maxPrefixLen", "0")
*****0 		uci:set(bmx7.f, "inet4p", "gwName", pref_gw)
*****0 		uci:set(bmx7.f, "inet4p", "rating", "1000")

*****0 		uci:set(bmx7.f, "inet6p", "tunOut")
*****0 		uci:set(bmx7.f, "inet6p", "tunOut", "inet6p")
*****0 		uci:set(bmx7.f, "inet6p", "network", "::/0")
*****0 		uci:set(bmx7.f, "inet6p", "maxPrefixLen", "0")
*****0 		uci:set(bmx7.f, "inet6p", "gwName", pref_gw)
*****0 		uci:set(bmx7.f, "inet6p", "rating", "1000")
       	else
     5 		uci:delete(bmx7.f, "inet4p", "tunOut")
     5 		uci:delete(bmx7.f, "inet6p", "tunOut")
       	end

     5 	local hasBatadv = false
     5 	local bmxOverBatdv = config.get_bool("network", "bmx7_over_batman")
     5 	local hasLan = false
    55 	for _,protoArgs in pairs(config.get("network", "protocols")) do
    50 		local proto =  utils.split(protoArgs, network.protoParamsSeparator)[1]
    50 		if(proto == "lan") then hasLan = true
    45 		elseif(proto == "batadv") then hasBatadv = true end
       	end

     5 	if config.get("network", "bmx7_over_librenet6", false) then
*****0 		uci:set(bmx7.f, "librenet6", "dev")
*****0 		uci:set(bmx7.f, "librenet6", "dev", "librenet6")
       	end

     5 	local enablePKI = config.get_bool("network", "bmx7_enable_pki")
     5 	if (enablePKI) then
*****0 		uci:set(bmx7.f, "general", "trustedNodesDir", "/etc/bmx7/trustedNodes")
       	end

     5 	if(hasLan) then
     5 		uci:set(bmx7.f, "lm_net_br_lan", "dev")
     5 		uci:set(bmx7.f, "lm_net_br_lan", "dev", "br-lan")
       	end

     5 	if(hasLan and hasBatadv and not bmxOverBatdv) then
       		--! Let firewall4 append a table of family 'bridge' with a chain
       		--! that hooks into postrouting and prevents bmx7 over batadv.
     5 		local includeDir = "/usr/share/nftables.d/ruleset-post/"
     5 		local fileName = "lime-proto-bmx7_bmx7-not-over-bat0.nft"
     5 		fs.mkdirr(includeDir)
    10 		fs.symlink(
     5 			"/usr/share/lime/"..fileName,
     5 			includeDir..fileName
     5 		)
       	else
*****0 		fs.unlink(
*****0 			"/usr/share/nftables.d/ruleset-post/"..
       			"lime-proto-bmx7_bmx7-not-over-bat0.nft"
       		)
       	end

     5 	uci:save(bmx7.f)

     5 	uci:delete("firewall", "bmxtun")

     5 	uci:set("firewall", "bmxtun", "zone")
     5 	uci:set("firewall", "bmxtun", "name", "bmx7tun")
     5 	uci:set("firewall", "bmxtun", "input", "ACCEPT")
     5 	uci:set("firewall", "bmxtun", "output", "ACCEPT")
     5 	uci:set("firewall", "bmxtun", "forward", "ACCEPT")
     5 	uci:set("firewall", "bmxtun", "mtu_fix", "1")
     5 	uci:set("firewall", "bmxtun", "conntrack", "1")
     5 	uci:set("firewall", "bmxtun", "device", "X7+")
     5 	uci:set("firewall", "bmxtun", "family", "ipv4")

     5 	uci:save("firewall")
       end

    10 function bmx7.setup_interface(ifname, args)
    55 	if not args["specific"] and
    50 		( ifname:match("^wlan%d+.ap") or ifname:match("^eth%d+") )
    30 	then return end

    25 	vlanId = tonumber(args[2]) or 18
    25 	vlanProto = args[3] or "8021ad"
    25 	nameSuffix = args[4] or "_bmx7"

    25 	local owrtInterfaceName, linux802adIfName, owrtDeviceName = network.createVlanIface(ifname, vlanId, nameSuffix, vlanProto)

    25 	local uci = libuci:cursor()
    25 	local mtu = config.get("network", "bmx7_mtu", "1500")
    25 	uci:set("network", owrtDeviceName, "mtu", mtu)

       	-- BEGIN [Workaround issue 38]
    25 	if ifname:match("^wlan%d+") then
    15 		local macAddr = wireless.get_phy_mac("phy"..ifname:match("%d+"))
    15 		local vlanIp = { 169, 254, tonumber(macAddr[5], 16), tonumber(macAddr[6], 16) }
    15 		uci:set("network", owrtInterfaceName, "proto", "static")
    15 		uci:set("network", owrtInterfaceName, "ipaddr", table.concat(vlanIp, "."))
    15 		uci:set("network", owrtInterfaceName, "netmask", "255.255.255.255")
       	end
       	--- END [Workaround issue 38]

    25 	uci:save("network")

    25 	uci:set(bmx7.f, owrtInterfaceName, "dev")
    25 	uci:set(bmx7.f, owrtInterfaceName, "dev", linux802adIfName)

    25 	if ifname:match("^wlan%d+") then
    15 		local rateMax = config.get("network", "bmx7_wifi_rate_max", "auto")
    15 		if rateMax ~= "auto" then
*****0 			uci:set(bmx7.f, owrtInterfaceName, "rateMax", rateMax)
       		end
       	end

    25 	uci:save(bmx7.f)
       end

    10 function bmx7.apply()
*****0 	utils.unsafe_shell("killall bmx7 ; sleep 2 ; killall -9 bmx7")
*****0 	utils.unsafe_shell("bmx7")
       end

    10 function bmx7.bgp_conf(templateVarsIPv4, templateVarsIPv6)
*****0 	local uci = libuci:cursor()

       	-- Enable Routing Table Redistribution plugin
*****0 	uci:set(bmx7.f, "table", "plugin")
*****0 	uci:set(bmx7.f, "table", "plugin", "bmx7_table.so")

       	-- Redistribute proto bird routes
*****0 	uci:set(bmx7.f, "fromBird", "redistTable")
*****0 	uci:set(bmx7.f, "fromBird", "redistTable", "fromBird")
*****0 	uci:set(bmx7.f, "fromBird", "table", "254")
*****0 	uci:set(bmx7.f, "fromBird", "bandwidth", "100")
*****0 	uci:set(bmx7.f, "fromBird", "proto", "12")

       	-- Avoid aggregation as it use lot of CPU with huge number of routes
*****0 	uci:set(bmx7.f, "fromBird", "aggregatePrefixLen", "128")

       	-- Disable proactive tunnels announcement as it use lot of CPU with
       	-- huge number of routes
*****0 	uci:set(bmx7.f, "general", "proactiveTunRoutes", "0")

       	-- BMX7 security features are at moment not used by LiMe, disable hop
       	-- by hop links signature as it consume a lot of CPU expecially in
       	-- setups with multiples interfaces  and lot of routes like LiMe
*****0 	uci:set(bmx7.f, "general", "linkSignatureLen", "0")

*****0 	uci:save(bmx7.f)

       	local base_bgp_conf = [[
       protocol direct {
       	interface "X7*";
       }
*****0 ]]

*****0 	return base_bgp_conf
       end

     5 return bmx7

==============================================================================
packages/lime-proto-olsr/files/usr/lib/lua/lime/proto/olsr.lua
==============================================================================
       #!/usr/bin/lua

     5 local network = require("lime.network")
     5 local config = require("lime.config")
     5 local fs = require("nixio.fs")
     5 local libuci = require("uci")
     5 local wireless = require("lime.wireless")
     5 local utils = require("lime.utils")
     5 local ip = require("luci.ip")

     5 local olsr = {}

     5 olsr.configured = false

     5 function olsr.configure(args)
    60 	if olsr.configured then return end
     5 	olsr.configured = true

     5 	local uci = libuci:cursor()
     5 	local ipv4 = network.primary_address()

     5 	fs.writefile("/etc/config/olsrd", "")

     5 	uci:set("olsrd", "lime", "olsrd")
     5 	uci:set("olsrd", "lime", "LinkQualityAlgorithm", "etx_ff")
     5 	uci:set("olsrd", "lime", "IpVersion", "4")

     5 	uci:set("olsrd", "limejson", "LoadPlugin")
     5 	uci:set("olsrd", "limejson", "library", "olsrd_jsoninfo.so.0.0")
     5 	uci:set("olsrd", "limejson", "accept", "127.0.0.1")

     5 	uci:set("olsrd", "limehna", "Hna4")
     5 	uci:set("olsrd", "limehna", "netaddr", ipv4:network():string())
     5 	uci:set("olsrd", "limehna", "netmask", ipv4:mask():string())

     5 	uci:save("olsrd")
       end

     5 function olsr.setup_interface(ifname, args)
    55 	if not args["specific"] then
    50 		if ifname:match("^wlan%d+.ap") then return end
       	end

    25 	local vlanId = tonumber(args[2]) or 14
    25 	local vlanProto = args[3] or "8021ad"
    25 	local nameSuffix = args[4] or "_olsr"
    25 	local ipPrefixTemplate = args[5] or "169.254.%M5.%M6/16"
    25 	local owrtInterfaceName, linux802adIfName, owrtDeviceName = network.createVlanIface(ifname, vlanId, nameSuffix, vlanProto)
    25 	local macAddr = network.get_mac(utils.split(ifname, ".")[1])
    25 	local ipAddr = ip.IPv4(utils.applyMacTemplate10(ipPrefixTemplate, macAddr))

    25 	local uci = libuci:cursor()
    25 	uci:set("network", owrtInterfaceName, "proto", "static")
    25 	uci:set("network", owrtInterfaceName, "ipaddr", ipAddr:host():string())
    25 	uci:set("network", owrtInterfaceName, "netmask", ipAddr:mask():string())
    25 	uci:save("network")

    25 	uci:set("olsrd", owrtInterfaceName, "Interface")
    25 	uci:set("olsrd", owrtInterfaceName, "interface", owrtInterfaceName)
    25 	uci:save("olsrd")
       end


     5 return olsr

==============================================================================
packages/lime-proto-olsr2/files/usr/lib/lua/lime/proto/olsr2.lua
==============================================================================
       #!/usr/bin/lua

     5 local network = require("lime.network")
     5 local config = require("lime.config")
     5 local fs = require("nixio.fs")
     5 local libuci = require("uci")
     5 local wireless = require("lime.wireless")
     5 local utils = require("lime.utils")
     5 local ip = require("luci.ip")
     5 olsr2 = {}

     5 olsr2.configured = false

    10 function olsr2.configure(args)
    60 	if olsr2.configured then return end
     5 	olsr2.configured = true

     5 	local uci = libuci:cursor()
     5 	local ipv4, ipv6 = network.primary_address()
     5 	local origInterfaceName = network.limeIfNamePrefix.."olsr_originator_lo"

     5 	fs.writefile("/etc/config/olsrd2", "")
     5 	uci:set("olsrd2", "lime", "global")
     5 	uci:set("olsrd2", "lime", "failfast", "no")
     5 	uci:set("olsrd2", "lime", "pidfile", "/var/run/olsrd2.pid")
     5 	uci:set("olsrd2", "lime", "lockfile", "/var/lock/olsrd2")
     5 	uci:set("olsrd2", "lime", "olsrv2")
     5 	uci:set("olsrd2", "lime", "lan", {ipv4:string(), ipv6:string()})
     5 	uci:set("olsrd2", "limelog", "log")
     5 	uci:set("olsrd2", "limejson", "syslog", "true")
     5 	uci:set("olsrd2", "limejson", "info", "all")
     5 	uci:set("olsrd2", "limetelnet", "telnet")
     5 	uci:set("olsrd2", "limetelnet", "port", "2009")
     5 	uci:set("olsrd2", origInterfaceName, "interface")
     5 	uci:set("olsrd2", origInterfaceName, "ifname", "loopback")
     5 	uci:save("olsrd2")

     5 	uci:set("network", origInterfaceName, "interface")
     5 	uci:set("network", origInterfaceName, "ifname", "@loopback")
     5 	uci:set("network", origInterfaceName, "proto", "static")
     5 	uci:set("network", origInterfaceName, "ipaddr", ipv4:host():string())
     5 	uci:set("network", origInterfaceName, "netmask", "255.255.255.255")
     5 	uci:set("network", origInterfaceName, "ip6addr", ipv6:host():string().."/128")
     5 	uci:save("network")
       end

    10 function olsr2.setup_interface(ifname, args)
    55 	if not args["specific"] then
    50 		if ifname:match("^wlan%d+.ap") then return end
       	end
    25 	local vlanId = tonumber(args[2]) or 16
    25 	local vlanProto = args[3] or "8021ad"
    25 	local nameSuffix = args[4] or "_olsr"
    25 	local owrtInterfaceName, linux802adIfName, owrtDeviceName = network.createVlanIface(ifname, vlanId, nameSuffix, vlanProto)
    25 	local uci = libuci:cursor()

    25 	uci:set("olsrd2", owrtInterfaceName, "interface")
    25 	uci:set("olsrd2", owrtInterfaceName, "ifname", owrtInterfaceName)
    25 	uci:save("olsrd2")

       end


     5 return olsr2

==============================================================================
packages/lime-proto-olsr6/files/usr/lib/lua/lime/proto/olsr6.lua
==============================================================================
       #!/usr/bin/lua

     5 local network = require("lime.network")
     5 local config = require("lime.config")
     5 local fs = require("nixio.fs")
     5 local libuci = require("uci")
     5 local wireless = require("lime.wireless")
     5 local utils = require("lime.utils")
     5 local ip = require("luci.ip")

     5 local olsr = {}

     5 olsr.configured = false

     5 function olsr.configure(args)
    60 	if olsr.configured then return end
     5 	olsr.configured = true

     5 	local uci = libuci:cursor()
     5 	local _, ipv6 = network.primary_address()

     5 	fs.writefile("/etc/config/olsrd6", "")

     5 	uci:set("olsrd6", "lime", "olsrd")
     5 	uci:set("olsrd6", "lime", "LinkQualityAlgorithm", "etx_ff")
     5 	uci:set("olsrd6", "lime", "IpVersion", "6")

     5 	uci:set("olsrd6", "limejson", "LoadPlugin")
     5 	uci:set("olsrd6", "limejson", "library", "olsrd_jsoninfo.so.0.0")
     5 	uci:set("olsrd6", "limejson", "accept", "::1")

     5 	uci:set("olsrd6", "limehna", "Hna6")
     5 	uci:set("olsrd6", "limehna", "netaddr", ipv6:network():string())
     5 	uci:set("olsrd6", "limehna", "prefix", ipv6:prefix())

     5 	uci:save("olsrd6")
       end

     5 function olsr.setup_interface(ifname, args)
    55 	if not args["specific"] then
    50 		if ifname:match("^wlan%d+.ap") then return end
       	end

    25 	vlanId = tonumber(args[2]) or 15
    25 	vlanProto = args[3] or "8021ad"
    25 	nameSuffix = args[4] or "_olsr6"
    25 	local ipPrefixTemplate = args[5] or "fc00::%M1%M2:%M3%M4:%M5%M6/64"

    25 	local owrtInterfaceName, linux802adIfName, owrtDeviceName = network.createVlanIface(ifname, vlanId, nameSuffix, vlanProto)
    25 	local macAddr = network.get_mac(utils.split(ifname, ".")[1])
    25 	local ipAddr = ip.IPv6(utils.applyMacTemplate16(ipPrefixTemplate, macAddr))

    25 	local uci = libuci:cursor()
    25 	uci:set("network", owrtInterfaceName, "proto", "static")
    25 	uci:set("network", owrtInterfaceName, "ip6addr", ipv6:string())
*****0 	uci:save("network")

*****0 	uci:set("olsrd6", owrtInterfaceName, "Interface")
*****0 	uci:set("olsrd6", owrtInterfaceName, "interface", owrtInterfaceName)
*****0 	uci:save("olsrd6")
       end

     5 return olsr

==============================================================================
packages/lime-proto-wan/files/usr/lib/lua/lime/proto/wan.lua
==============================================================================
       #!/usr/bin/lua

       --! LibreMesh community mesh networks meta-firmware
       --!
       --! Copyright (C) 2014-2023  Gioacchino Mazzurco <gio@eigenlab.org>
       --! Copyright (C) 2023  Asociación Civil Altermundi <info@altermundi.net>
       --!
       --! SPDX-License-Identifier: AGPL-3.0-only

     5 local libuci = require("uci")

     5 wan = {}

     5 wan.configured = false

    10 function wan.configure(args)
     5 	if wan.configured then return end
     5 	wan.configured = true

     5 	local uci = libuci:cursor()
     5 	uci:set("network", "wan", "interface")
     5 	uci:set("network", "wan", "proto", "dhcp")
     5 	uci:save("network")
       end

    10 function wan.setup_interface(ifname, args)
     5 	local uci = libuci:cursor()
     5 	uci:set("network", "wan", "device", ifname)
     5 	uci:save("network")

       	--! Accepting link local traffic also on WAN should not cause hazards.
       	--! It is very helpful in cases where the devices have problem to the other
       	--! ports, to have at least an addictional way to enter for rescue operation
     5 	local ALLOW_WAN_LL_SECT = "lime_allow_wan_all_link_local"
     5 	uci:set("firewall", ALLOW_WAN_LL_SECT, "rule")
     5 	uci:set("firewall", ALLOW_WAN_LL_SECT, "name", ALLOW_WAN_LL_SECT)
     5 	uci:set("firewall", ALLOW_WAN_LL_SECT, "src", "wan")
     5 	uci:set("firewall", ALLOW_WAN_LL_SECT, "family", "ipv6")
     5 	uci:set("firewall", ALLOW_WAN_LL_SECT, "src_ip", "fe80::/10")
     5 	uci:set("firewall", ALLOW_WAN_LL_SECT, "dest_ip", "fe80::/10")
     5 	uci:set("firewall", ALLOW_WAN_LL_SECT, "target", "ACCEPT")
     5 	uci:save("firewall")
       end

     5 return wan

==============================================================================
packages/lime-system/files/usr/bin/migrate-wifi-bands-cfg
==============================================================================
       #!/usr/bin/lua

    30 local config = require 'lime.config'
    30 local wireless = require 'lime.wireless'
    30 local uci = config.get_uci_cursor()

    30 local uci_files = { config.UCI_COMMUNITY_NAME, config.UCI_NODE_NAME  }

       local function move_modes_to_specific_band(file_name)
    60     local modes = uci:get(file_name, 'wifi', 'modes')
    60     if modes == nil then
    30         return
           end
    30     local modes_2ghz = {}
    30     local modes_5ghz = {}
   110     for _, mode in pairs(modes) do
    80         local mode_name = utils.split(mode, '_')[1]
    80         local mode_band = utils.split(mode, '_')[2]
    80         if mode_band == nil or mode_band == '2ghz' then
    70             table.insert(modes_2ghz, mode_name)
               end
    80         if mode_band == nil or mode_band == '5ghz' then
    20             table.insert(modes_5ghz, mode_name)
               end
           end
    30     modes_2ghz = utils.tableLength(modes_2ghz) > 0 and modes_2ghz or {'manual'}
    30     modes_5ghz = utils.tableLength(modes_5ghz) > 0 and modes_5ghz or {'manual'}
    30     uci:set(file_name, '2ghz', 'lime-wifi-band')
    30     uci:set(file_name, '2ghz', 'modes', modes_2ghz)
    30     uci:set(file_name, '5ghz', 'lime-wifi-band')
    30     uci:set(file_name, '5ghz', 'modes', modes_5ghz)
    30     uci:delete(file_name, 'wifi', 'modes')
       end


       local function move_restof_to_specific_band(file_name)
    60     local options = uci:get_all(file_name, 'wifi')
    60     if options == nil then
*****0         return
           end
   270     for key, value in pairs(options) do
   210         local band_name = utils.split(key, '_')[2]
   210         if band_name == '2ghz' or band_name == '5ghz' then
    30             uci:set(file_name, band_name, 'lime-wifi-band')
    30             local derived_key = utils.split(key, '_')[1]
    30             uci:set(file_name, band_name, derived_key, value)
    30             uci:delete(file_name, 'wifi', key)
               end
           end
       end

       local function migrate_file(file_name)
    60     move_modes_to_specific_band(file_name)
    60     move_restof_to_specific_band(file_name)
    60     local changes = uci:changes()
    60     if utils.tableLength(changes) > 0 then
    60         uci:commit(file_name)
           end
       end

    90 for _, file_name in pairs(uci_files) do
    60     migrate_file(file_name)
       end

    30 print('migrate-wifi-modes: migration finished, now run lime-config')

==============================================================================
packages/lime-system/files/usr/lib/lua/lime/config.lua
==============================================================================
       #!/usr/bin/lua

       --! LibreMesh is modular but this doesn't mean parallel, modules are executed
       --! sequencially, so we don't need to worry about transactionality and all other
       --! stuff that affects parrallels database, at moment we don't need parallelism
       --! as this is just some configuration stuff and is not performance critical.

   569 local fs = require("nixio.fs")
   569 local libuci = require("uci")
   569 local nixio = require "nixio"

   569 config = {}

  1138 function config.log(text)
    30 	nixio.syslog('info', '[config] ' .. text)
       end

   569 config.uci = nil
   569 config.hooksDir = "/etc/hotplug.d/lime-config"

  1138 function config.get_uci_cursor()
  3172 	if config.uci == nil then
   569 		config.uci = libuci:cursor()
       	end
  3172 	return config.uci
       end

  1138 function config.set_uci_cursor(cursor)
  2120 	config.uci = cursor
       end

   569 config.uci = config.get_uci_cursor()

   569 config.UCI_AUTOGEN_NAME = 'lime-autogen'
   569 config.UCI_NODE_NAME = 'lime-node'
   569 config.UCI_MAC_NAME = 'lime-000000000000'
   569 config.UCI_COMMUNITY_NAME = 'lime-community'
   569 config.UCI_DEFAULTS_NAME = 'lime-defaults'
   569 config.UCI_CONFIG_NAME = config.UCI_AUTOGEN_NAME

  1138 function config.get_config_path()
   115 	return config.uci:get_confdir() .. '/' .. config.UCI_CONFIG_NAME
       end

  1138 function config.reset_node_config()
    10 	config.initialize_config_file(config.UCI_NODE_NAME)
       end

  1138 function config.initialize_config_file(config_name)
    10     local lime_path = config.uci:get_confdir() .. "/" .. config_name
    10     os.execute(string.format('cp /usr/share/lime/configs/%s %s', config_name, lime_path))
       end

  1138 function config.get(sectionname, option, fallback)
  1240 	local limeconf = config.uci:get(config.UCI_CONFIG_NAME, sectionname, option)
  1240 	if limeconf then return limeconf end

   185 	if ( fallback ~= nil ) then
   175 		config.log("Use fallback value for "..sectionname.."."..option..": "..tostring(fallback))
   175 		return fallback
       	else
    10 		config.log("WARNING: Attempt to access undeclared default for: "..sectionname.."."..option)
    10 		config.log(debug.traceback())
    10 		return nil
       	end
       end

       --! Execute +callback+ for each config of type +configtype+ found in
       --! +/etc/config/lime-autogen+.
  1138 function config.foreach(configtype, callback)
   195 	return config.uci:foreach(config.UCI_CONFIG_NAME, configtype, callback)
       end

  1138 function config.get_all(sectionname)
   330 	return config.uci:get_all(config.UCI_CONFIG_NAME, sectionname)
       end

  1138 function config.get_bool(sectionname, option, default)
   210 	local val = config.get(sectionname, option, default)
   210 	return (val and ((val == '1') or (val == 'on') or (val == 'true') or (val == 'enabled') or (val == 1) or (val == true)))
       end

   569 config.batched = false

  1138 function config.init_batch()
    15 	config.batched = true
       end

  1138 function config.set(...)
   890 	local aty = type(arg[3])
   890 	if (aty ~= "nil" and aty ~= "string" and aty ~= "table") then
    40 		arg[3] = tostring(arg[3])
       	end
   890 	config.uci:set(config.UCI_CONFIG_NAME, unpack(arg))
   890 	if(not config.batched) then config.uci:save(config.UCI_CONFIG_NAME) end
       end

  1138 function config.delete(...)
    25 	config.uci:delete(config.UCI_CONFIG_NAME, unpack(arg))
    25 	if(not config.batched) then config.uci:save(config.UCI_CONFIG_NAME) end
       end

  1138 function config.end_batch()
    15 	if(config.batched) then
    15 		config.uci:save(config.UCI_CONFIG_NAME)
    15 		config.batched = false
       	end
       end

  1138 function config.autogenerable(section_name)
    40 	return ( (not config.get_all(section_name)) or config.get_bool(section_name, "autogenerated") )
       end


       --! Merge two uci files. If an option exists in both files the value of high_prio is selected
  1138 function config.uci_merge_files(high_prio, low_prio, output)
   340 	local uci = config.get_uci_cursor()

   340 	local high_pt = uci:get_all(high_prio)
   340 	local low_pt = uci:get_all(low_prio)

       	--! populate high_prio with low_prio values that are not in high_prio
   670 	for section_name, section in pairs(low_pt) do
   330 		local high_section = high_pt[section_name]
   330 		if high_section ~= nil then
       			--! copy only some attributes
  1370 			for option_name, option in pairs(section) do
       				--! if the options starts with a dot it is not a real options it is an attribute
       				--! like .name, .type, .anonymous and .index
  1165 				if option_name[1] ~= '.' and high_section[option_name] == nil then
   160 					high_section[option_name] = option
       				end
       			end
       		else
   125 			high_pt[section_name] = section
       		end
       	end

       	--! populate output from high_prio using uci
   860 	for section_name, section in pairs(high_pt) do
   520 		local section_type = section['.type']
   520 		uci:set(output, section_name, section_type)
  4105 		for option_name, option in pairs(section) do
       		--! if the options starts with a dot it is not a real options it is an attribute
       		--! like .name, .type, .anonymous and .index
  3585 			if option_name[1] ~= '.' then
  3585 				local otype = type(option)
  3585 				if (otype ~= "nil" and otype ~= "string" and otype ~= "table") then
  1040 					option = tostring(option)
       				end
  3585 				uci:set(output, section_name, option_name, option)
       			end
       		end
       	end
   340 	uci:commit(output)
       end

  1138 function config.uci_autogen()
       	--! start clearing the config
   110 	local f = io.open(config.get_config_path(), "w")
   110 	f:write('')
   110 	f:close()

       	--! clean uci cache
   110 	local uci = config.get_uci_cursor()
   110 	uci:load(config.UCI_AUTOGEN_NAME)

   550 	for _, cfg_name in pairs({config.UCI_DEFAULTS_NAME, config.UCI_COMMUNITY_NAME, config.UCI_MAC_NAME, config.UCI_NODE_NAME}) do
   440 		local cfg = io.open(config.uci:get_confdir() .. '/' .. cfg_name)
   440 		if cfg ~= nil then
   330 			config.uci_merge_files(cfg_name, config.UCI_AUTOGEN_NAME, config.UCI_AUTOGEN_NAME)
       		end
       	end
   110 	uci:load(config.UCI_AUTOGEN_NAME)
       end

       --! commit all uci changes not yet commited
  1138 function config.uci_commit_all()
    45     local uci = config.get_uci_cursor()
    75     for k, _ in pairs(uci:changes()) do
    30         assert(uci:commit(k))
           end
       end

  1138 function config.main()
       	--! Get mac address and set mac-based configuration file name
     5 	local network = require("lime.network")
     5 	local utils = require("lime.utils")

     5 	config.UCI_MAC_NAME = "lime-" .. table.concat(network.primary_mac(),"")
     5 	print("Mac-config: " .. config.UCI_MAC_NAME)

       	--! Populate the default template configs if lime-node and lime-community
       	--! are not found in /etc/config
    15 	for _, cfg_name in pairs({config.UCI_COMMUNITY_NAME, config.UCI_NODE_NAME}) do
    10         local lime_path = config.uci:get_confdir() .. "/" .. cfg_name
    10 		local cf = io.open(lime_path)
    10 		if not cf then
*****0 			config.initialize_config_file(cfg_name)
       		else
    10 			cf:close()
       		end
       	end
     5 	config.uci_autogen()

     5 	local modules_name = { "hardware_detection", "wireless", "network", "firewall", "system",
     5                            "generic_config" }

     5 	if utils.isModuleAvailable("lime.wifi_unstuck_wa") then
     5 		table.insert(modules_name, "wifi_unstuck_wa")
       	end

     5 	local modules = {}

    40 	for i, name in pairs(modules_name) do modules[i] = require("lime."..name) end
    40 	for _,module in pairs(modules) do
    35 		xpcall(module.clean, function(errmsg) print(errmsg) ; print(debug.traceback()) end)
       	end

    40 	for _,module in pairs(modules) do
    35 		xpcall(module.configure, function(errmsg) print(errmsg) ; print(debug.traceback()) end)
       	end

     5 	for hook in fs.dir(config.hooksDir) do
*****0 		local hookCmd = config.hooksDir.."/"..hook.." after"
*****0 		print("executed hook:", hookCmd, os.execute(hookCmd))
       	end

     5 	local cfgpath = config.get_config_path()
       	--! flush all config changes
     5 	local uci = config.get_uci_cursor()
     5 	uci:commit(config.UCI_CONFIG_NAME)
     5 	local autogen_content = utils.read_file(cfgpath) or ''
     5 	notice_message =   ('# DO NOT EDIT THIS FILE!. This is autogenerated by lime-config!\n' ..
     5 						'# Instead please edit /etc/config/lime-node and/or /etc/config/lime-community files\n' ..
     5 						'# and then regenerate this file executing lime-config\n\n')
     5 	utils.write_file(cfgpath, notice_message .. autogen_content)
       end

   569 return config

==============================================================================
packages/lime-system/files/usr/lib/lua/lime/firewall.lua
==============================================================================
       #!/usr/bin/lua

       --! LibreMesh community mesh networks meta-firmware
       --!
       --! Copyright (C) 2020  Asociación Civil Altermundi <info@altermundi.net>
       --! Copyright (C) 2020  Gioacchino Mazzurco <gio@eigenlab.org>
       --!
       --! SPDX-License-Identifier: AGPL-3.0-only


     5 local fs = require("nixio.fs")
     5 local utils = require("lime.utils")
     5 local config = require("lime.config")

     5 firewall = {}

    10 function firewall.clean()
       	--! There could be things to cleanup here, but we don't do it as it would
       	--! interfere with rules generated by network protocols, deleting them too.
       	--! So better we do nothing here.
       end

    10 function firewall.configure()
     5         local uci = config:get_uci_cursor()
     5         local lanIfs = {}
    10         uci:foreach("firewall", "defaults",
                   function(section)
*****0                 uci:set("firewall", section[".name"], "input", "ACCEPT")
*****0                 uci:set("firewall", section[".name"], "output", "ACCEPT")
*****0                 uci:set("firewall", section[".name"], "forward", "ACCEPT")
                   end
               )

    10         uci:foreach("network", "interface",
                   function(section)
   165                 if "lan" == section[".name"] or
   160                    "lm_" == string.sub(section[".name"], 1, 3) and
   140                    "_if" == string.sub(section[".name"], -3) then
   130                     table.insert(lanIfs, section[".name"])
                       end
                   end
               )

    10 	uci:foreach("firewall", "zone",
       		function(section)
*****0 			if uci:get("firewall", section[".name"], "name") == "lan" then
*****0 				uci:set("firewall", section[".name"], "input", "ACCEPT")
*****0 				uci:set("firewall", section[".name"], "output", "ACCEPT")
*****0 				uci:set("firewall", section[".name"], "forward", "ACCEPT")
*****0 				uci:set("firewall", section[".name"], "mtu_fix", "1")
*****0 				uci:set("firewall", section[".name"], "network", lanIfs)
       			end
       		end
       	)
       end

     5 return firewall

==============================================================================
packages/lime-system/files/usr/lib/lua/lime/generic_config.lua
==============================================================================
       #!/usr/bin/lua

    48 local config = require("lime.config")
    48 local utils = require("lime.utils")

    48 gen_cfg = {}

    48 gen_cfg.ASSET_BASE_DIR = '/etc/lime-assets/'
    48 gen_cfg.NODE_ASSET_DIRNAME = 'node/'
    48 gen_cfg.COMMUNITY_ASSET_DIRNAME = 'community/'
    48 gen_cfg.CONFIG_FIRST_BOOT_SIGNAL_FILE = '/etc/.cfg_first_boot_already_run'
    48 gen_cfg.RUN_ASSET_AT_FIRSTBOOT = 'ATFIRSTBOOT'
    48 gen_cfg.RUN_ASSET_AT_CONFIG = 'ATCONFIG'

    96 function gen_cfg.clean()
           -- nothing to clean, but needs to be declared to comply with the API
       end

    96 function gen_cfg.configure()
     5     gen_cfg.do_generic_uci_configs()
     5     gen_cfg.do_copy_assets()
     5     if not utils.file_exists(gen_cfg.CONFIG_FIRST_BOOT_SIGNAL_FILE) then
     5         gen_cfg.do_run_assets(gen_cfg.RUN_ASSET_AT_FIRSTBOOT)
     5         utils.write_file(gen_cfg.CONFIG_FIRST_BOOT_SIGNAL_FILE, '')
           end
     5     gen_cfg.do_run_assets(gen_cfg.RUN_ASSET_AT_CONFIG)
       end


       --! Generic UCI configuration from libremesh. Eg usage:
       --!   config generic_uci_config libremap
       --!     list uci_set "libremap.settings=libremap"
       --!     list uci_set "libremap.settings.community=our.libre.org"
       --!     list uci_set "libremap.settings.community_lat=-200.123"
       --!     list uci_set "libremap.settings.community_lon=500.9"
    96 function gen_cfg.do_generic_uci_configs()
    35     local uci = config.get_uci_cursor()
    35     local ok = true
    35     utils.log("Applying generic configs:")
    70     config.foreach("generic_uci_config", function(gen_uci_cfg)
    35         utils.log(" " .. gen_uci_cfg[".name"])
   120         for _, v in pairs(gen_uci_cfg["uci_set"]) do
    85             if uci:set(v) ~= true then
    20                 utils.log(" Error on generic config uci_set: %s", v)
    20                 ok = false
                   end
               end
           end)
    35     config.uci_commit_all()
    35     utils.log("Done applying generic configs.")
    35     return ok
       end

    96 function gen_cfg.get_asset(asset)
    50     if (utils.stringStarts(asset, gen_cfg.NODE_ASSET_DIRNAME) or
    30         utils.stringStarts(asset, gen_cfg.COMMUNITY_ASSET_DIRNAME)) then
    40         local asset = gen_cfg.ASSET_BASE_DIR .. asset
    40         if utils.file_exists(asset) then
    30             return asset
               end
           end
       end

       --! copy_asset copy an file from the assets directory into a specified path.
       --! The node asset directories are /etc/lime-assets/node and /etc/lime-assets/community.
       --! The community directory should contain the same files in all the community nodes.
       --!
       --! config copy_asset collectd
       --!    option asset 'community/collectd.conf' # or 'node/collectd.conf' or 'community/mynode_collectd.conf'
       --!    option dst '/etc/collectd.conf'
       --!

    96 function gen_cfg.do_copy_assets()
    25     local uci = config.get_uci_cursor()
    25     local ok = true
    25     utils.log("Copying assets:")
    50     config.foreach("copy_asset", function(copy_asset)
    20         local asset = copy_asset["asset"]
    20         utils.log("  %s (%s)", copy_asset[".name"], asset)
    20         local dst = copy_asset["dst"]
    20         local src = gen_cfg.get_asset(asset)
    20         if src ~= nil then
    10             local dst_dirname = dst:match("(.*/)")
    10             if not utils.file_exists(dst_dirname) then
*****0                 os.execute("mkdir -p " .. utils.shell_quote(dst_dirname))
                   end

    10             src = utils.shell_quote(src)
    10             dst = utils.shell_quote(dst)
    10             os.execute('cp -dpf ' .. src .. ' ' .. dst)
               else
    10             utils.log(" Error copying asset '%s': file not found.", asset)
    10             ok = false
               end
           end)
    25     utils.log("Done copying assets.")
    25     return ok
       end

       --! Executes a file from the assets directory scheme explained in copy_asset.
       --!
       --! config run_asset dropbear
       --!     option asset 'community/dropbear.sh'
       --!     option when 'ATFIRSTBOOT' # ATFIRSTBOOT, ATCONFIG
       --!
    96 function gen_cfg.do_run_assets(when)
    40     local uci = config.get_uci_cursor()
    40     local ok = true
    40     utils.log("Running assets on " .. when .. " :")
    80     config.foreach("run_asset", function(run_asset)
    30         local asset = run_asset["asset"]
    30         if run_asset["when"] == when then
    30             utils.log("  %s (%s)", run_asset[".name"], asset)
    30             local src = gen_cfg.get_asset(asset)
    30             if src ~= nil then
    20                 local retval = os.execute("chmod +x " .. src .. "; " .. src)
    20                 if retval ~= 0 then
    10                     utils.log(" Warning: the asset '%s': returnen non zero status.", src)
    10                     ok = false
                       end
                   else
    10                 utils.log(" Error running asset '%s': file not found .", asset)
    10                 ok = false
                   end
               end
           end)
    40     utils.log("Done running assets.")
    40     return ok
       end


    48 return gen_cfg

==============================================================================
packages/lime-system/files/usr/lib/lua/lime/hardware_detection.lua
==============================================================================
       #!/usr/bin/lua

    26 local fs = require("nixio.fs")
    26 local utils = require("lime.utils")


    26 local hardware_detection = {}

    26 hardware_detection.sectionNamePrefix = "lm_hwd_"
    26 hardware_detection.search_paths = {"/usr/lib/lua/lime/hwd/*.lua"}

       --! Hardware detection module clean()
       --! Call clean() from all installed submodules
    26 function hardware_detection.clean()
    15     for _,search_path in ipairs(hardware_detection.search_paths) do
    30         for hwd_module_path in fs.glob(search_path) do
    20             local module_name = "lime.hwd." .. fs.basename(hwd_module_path):sub(1,-5)
    20             if utils.isModuleAvailable(module_name) then
    20                 require(module_name).clean()
                   end
               end
           end
       end

       --! Hardware detection module configure()
       --! Call detect_hardware() from all installed submodules
    26 function hardware_detection.configure()
    15     for _,search_path in ipairs(hardware_detection.search_paths) do
    30         for hwd_module_path in fs.glob(search_path) do
    20             local module_name = "lime.hwd." .. fs.basename(hwd_module_path):sub(1,-5)
    20             if utils.isModuleAvailable(module_name) then
    20                 require(module_name).detect_hardware()
                   end
               end
       	end
       end


    26 return hardware_detection

==============================================================================
packages/lime-system/files/usr/lib/lua/lime/mode/ap.lua
==============================================================================
       #!/usr/bin/lua

     5 local ap = {}

     5 ap.wifi_mode="ap"

     5 function ap.setup_radio(radio, args)
       --!	checks("table", "?table")

    15 	args["network"] = "lan"
    15 	return wireless.createBaseWirelessIface(radio, ap.wifi_mode, nil, args)
       end

     5 return ap

==============================================================================
packages/lime-system/files/usr/lib/lua/lime/mode/apname.lua
==============================================================================
       #!/usr/bin/lua

     5 local apname = {}

     5 apname.wifi_mode="ap"

     5 function apname.setup_radio(radio, args)
       --!	checks("table", "?table")

    15 	args["network"] = "lan"
    15 	return wireless.createBaseWirelessIface(radio, apname.wifi_mode, "name", args)
       end

     5 return apname

==============================================================================
packages/lime-system/files/usr/lib/lua/lime/mode/apup.lua
==============================================================================
       #!/usr/bin/lua

       --! LibreMesh community mesh networks meta-firmware
       --!
       --! Copyright (C) 2024  Gioacchino Mazzurco <gio@polymathes.cc>
       --! Copyright (C) 2024  Asociación Civil Altermundi <info@altermundi.net>
       --!
       --! SPDX-License-Identifier: AGPL-3.0-only

    28 local wireless = require("lime.wireless")

    28 local apup = {}

    28 function apup.WIFI_MODE()
*****0 	return "ap"
       end

    28 function apup.WIFI_MODE_SUFFIX()
*****0 	return "up"
       end

    28 function apup.PEER_SUFFIX()
   307 	return "peer"
       end

    28 function apup.setup_radio(radio, args)
       --! checks("table", "?table")

*****0 	args["network"] = "lan"
*****0 	args["apup"] = "1"
*****0 	args["apup_peer_ifname_prefix"] =
*****0 		wireless.calcIfname(radio[".name"], apup.PEER_SUFFIX(), "")

*****0 	return wireless.createBaseWirelessIface(
*****0 		radio, apup.WIFI_MODE(), apup.WIFI_MODE_SUFFIX(), args )
       end

       --! TODO: port all modes to .WIFI_MODE()
    28 apup.wifi_mode="ap"

    28 return apup

==============================================================================
packages/lime-system/files/usr/lib/lua/lime/mode/client.lua
==============================================================================
       #!/usr/bin/lua

    10 local client = {}

    10 client.wifi_mode="sta"

    10 function client.setup_radio(radio, args)
       --!	checks("table", "?table")
    10 	return wireless.createBaseWirelessIface(radio, client.wifi_mode, nil, args)
       end

    10 return client

==============================================================================
packages/lime-system/files/usr/lib/lua/lime/mode/ieee80211s.lua
==============================================================================
       #!/usr/bin/lua

    15 local ieee80211s = {}

    15 ieee80211s.wifi_mode="mesh"

    15 function ieee80211s.setup_radio(radio, args)
       --!	checks("table", "?table")

    65 	return wireless.createBaseWirelessIface(radio, ieee80211s.wifi_mode, nil, args)
       end

    15 return ieee80211s

==============================================================================
packages/lime-system/files/usr/lib/lua/lime/network.lua
==============================================================================
       #!/usr/bin/lua

       --! LibreMesh community mesh networks meta-firmware
       --!
       --! Copyright (C) 2013-2024  Gioacchino Mazzurco <gio@polymathes.cc>
       --! Copyright (C) 2023-2024  Asociación Civil Altermundi <info@altermundi.net>
       --!
       --! SPDX-License-Identifier: AGPL-3.0-only

   217 network = {}

   217 local ip = require("luci.ip")
   217 local fs = require("nixio.fs")

   217 local config = require("lime.config")
   217 local utils = require("lime.utils")


   217 function network.PROTO_PARAM_SEPARATOR() return ":" end
   217 function network.PROTO_VLAN_SEPARATOR() return "_" end
   217 function network.LIME_UCI_IFNAME_PREFIX() return "lm_net_" end


   217 network.MTU_ETH = 1500
   217 network.MTU_ETH_WITH_VLAN = network.MTU_ETH - 4

       -- Deprecated use corresponding functions instead
   217 network.protoParamsSeparator=":"
   217 network.protoVlanSeparator="_"
   217 network.limeIfNamePrefix="lm_net_"


   434 function network.get_mac(ifname)
    10 	local _, macaddr = next(network.get_own_macs(ifname))
    10 	return utils.split(macaddr, ":")
       end

       --! Return a table of macs based on the interface globing filter
   434 function network.get_own_macs(interface_filter)
   100 	if interface_filter == nil then
    10 		interface_filter = '*'
       	end

   100 	local macs = {}
   100 	local search_path = "/sys/class/net/" .. interface_filter .. "/address"
   630 	for address_path in fs.glob(search_path) do
   530 		mac = io.open(address_path):read("*l")
   530 		macs[mac] = 1
       	end

   100 	local result = {}
   630 	for mac, _ in pairs(macs) do
   530 		table.insert(result, mac)
       	end
   100 	return result
       end


   434 function network.assert_interface_exists(ifname)
*****0 	assert( ifname ~= nil and ifname ~= "",
*****0 	        "network.primary_interface() could not determine ifname!" )

*****0 	assert( fs.lstat("/sys/class/net/"..ifname),
*****0 	        "network.primary_interface() "..ifname.." doesn't exists!" )
       end

   434 function network.primary_interface()
   185 	local ifname = config.get("network", "primary_interface", "eth0")
   185 	if ifname == "auto" then
    10 		local board = utils.getBoardAsTable()
    10 		ifname = board['network']['lan']['device']
       	end
   185 	network.assert_interface_exists(ifname)
   185 	return ifname
       end

   434 function network.primary_mac()
   165 	return network.get_mac(network.primary_interface())
       end

   434 function network.generate_host(ipprefix, hexsuffix)
   140 	local num = 0
       	-- If it's a network prefix calculate offset to add
   140 	if ipprefix:equal(ipprefix:network()) then
   140 		local addr_len = ipprefix:is4() and 32 or ipprefix:is6() and 128
   140 		num = tonumber(hexsuffix,16) % 2^(addr_len - ipprefix:prefix())
       	end

   140 	return ipprefix:add(num)
       end

   434 function network.primary_address(offset)
    70 	local offset = offset or 0
    70 	local pm = network.primary_mac()
    70 	local ipv4_template = config.get("network", "main_ipv4_address")
    70 	local ipv6_template = config.get("network", "main_ipv6_address")

    70 	local ipv4_maskbits = ipv4_template:match("[^/]+/(%d+)")
    70 	ipv4_template = ipv4_template:gsub("/%d-/","/")
    70 	local ipv6_maskbits = ipv6_template:match("[^/]+/(%d+)")
    70 	ipv6_template = ipv6_template:gsub("/%d-/","/")

    70 	ipv4_template = utils.applyMacTemplate10(ipv4_template, pm)
    70 	ipv6_template = utils.applyMacTemplate16(ipv6_template, pm)

    70 	ipv4_template = utils.applyNetTemplate10(ipv4_template)
    70 	ipv6_template = utils.applyNetTemplate16(ipv6_template)

    70 	local m4, m5, m6 = tonumber(pm[4], 16), tonumber(pm[5], 16), tonumber(pm[6], 16)
    70 	local hexsuffix = utils.hex((m4 * 256*256 + m5 * 256 + m6) + offset)
    70 	ipv4_template = network.generate_host(ip.IPv4(ipv4_template), hexsuffix)
    70 	ipv6_template = network.generate_host(ip.IPv6(ipv6_template), hexsuffix)

    70 	ipv4_template:prefix(tonumber(ipv4_maskbits))
    70 	local mc = ipv4_template
       	--! Generated address is network address like 192.0.2.0/24 ?
    70 	local invalid = ipv4_template:equal(mc:network()) and "NETWORK"
       	--! If anygw enabled, generated address is the one reserved for anygw like 192.0.2.1/24 ?
    70 	if utils.isModuleAvailable("lime.proto.anygw") then
    20 		local generalProtocols = config.get("network", "protocols")
    40 		for _,protocol in pairs(generalProtocols) do
    20 			if protocol == 'anygw' then
*****0 				invalid = invalid or ipv4_template:equal(mc:minhost()) and "ANYGW"
       				break
       			end
       		end
       	end
       	--! Generated address is the broadcast address like 192.0.2.255/24 ?
    70 	invalid = invalid or ipv4_template:equal(mc:broadcast()) and "BROADCAST"
    70 	if invalid then
    20 		ipv4_template = mc:maxhost()
    20 		ipv4_template:prefix(tonumber(ipv4_maskbits))
    40 		utils.log("INVALID main_ipv4_address " ..tostring(mc).. " IDENTICAL TO RESERVED "
    20 			..invalid.. " ADDRESS. USING " ..tostring(ipv4_template))
       	end

    70 	ipv6_template:prefix(tonumber(ipv6_maskbits))

    70 	return ipv4_template, ipv6_template
       end

   434 function network.setup_rp_filter()
    15 	local sysctl_file_path = "/etc/sysctl.conf";
    15 	local sysctl_options = "";
    15 	local sysctl_file = io.open(sysctl_file_path, "r");
    30 	while sysctl_file:read(0) do
    15 		local sysctl_line = sysctl_file:read();
    15 		if not string.find(sysctl_line, ".rp_filter") then sysctl_options = sysctl_options .. sysctl_line .. "\n" end 
       	end
    15 	sysctl_file:close()
       	
    15 	sysctl_options = sysctl_options .. "net.ipv4.conf.default.rp_filter=2\nnet.ipv4.conf.all.rp_filter=2\n";
    15 	sysctl_file = io.open(sysctl_file_path, "w");
    15 	if sysctl_file ~= nil then
*****0 		sysctl_file:write(sysctl_options);
*****0 		sysctl_file:close();
       	end
       end

   434 function network.setup_dns()
    15 	local cloudDomain = config.get("system", "domain")
    15 	local resolvers = config.get("network", "resolvers")

    15 	local uci = config.get_uci_cursor()
    30 	uci:foreach("dhcp", "dnsmasq",
       		function(s)
*****0 			uci:set("dhcp", s[".name"], "domain", cloudDomain)
*****0 			uci:set("dhcp", s[".name"], "local", "/"..cloudDomain.."/")
*****0 			uci:set("dhcp", s[".name"], "expandhosts", "1")
*****0 			uci:set("dhcp", s[".name"], "domainneeded", "1")
       			--! allow queries from non-local ips (i.e. from other clouds)
*****0 			uci:set("dhcp", s[".name"], "localservice", "0")
*****0 			uci:set("dhcp", s[".name"], "server", resolvers)
*****0 			uci:set("dhcp", s[".name"], "confdir", "/etc/dnsmasq.d")
       		end
       	)
    15 	uci:save("dhcp")

    15 	fs.mkdir("/etc/dnsmasq.d")
       end

   434 function network.clean()
     5 	utils.log("Clearing network config...")

     5 	local uci = config.get_uci_cursor()

     5 	uci:delete("network", "globals", "ula_prefix")
     5 	uci:set("network", "wan", "proto", "none")
     5 	uci:set("network", "wan6", "proto", "none")

       	--! Delete sections generated by LiMe
       	local function delete_lime_section(s)
    25 		if utils.stringStarts(s[".name"], network.limeIfNamePrefix) then
*****0 			uci:delete("network", s[".name"])
       		end
       	end
     5 	uci:foreach("network", "interface", delete_lime_section)
     5 	uci:foreach("network", "device", delete_lime_section)
     5 	uci:foreach("network", "rule", delete_lime_section)
     5 	uci:foreach("network", "route", delete_lime_section)
     5 	uci:foreach("network", "rule6", delete_lime_section)
     5 	uci:foreach("network", "route6", delete_lime_section)

     5 	uci:save("network")

     5 	if config.get_bool("network", "use_odhcpd", false) then
*****0 		utils.log("Use odhcpd as dhcp server")
*****0 		uci:set("dhcp", "odchpd", "maindhcp", 1)
*****0 		os.execute("[ -e /etc/init.d/odhcpd ] && /etc/init.d/odhcpd enable")
       	else
     5 		utils.log("Disabling odhcpd")
     5 		uci:set("dhcp", "odchpd", "maindhcp", 0)
     5 		os.execute("[ -e /etc/init.d/odhcpd ] && /etc/init.d/odhcpd disable")
       	end

     5 	utils.log("Cleaning dnsmasq")
     5 	uci:foreach("dhcp", "dnsmasq", function(s) uci:delete("dhcp", s[".name"], "server") end)
     5 	uci:save("dhcp")

     5 	utils.log("Disabling 6relayd...")
     5 	fs.writefile("/etc/config/6relayd", "")
       end

   434 function network._get_lower(dev)
*****0     local lower_if_path = utils.unsafe_shell("ls /sys/class/net/" .. dev .. "/ | grep ^lower")
*****0     local lower_if_table = utils.split(lower_if_path, "_")
*****0     local lower_if = lower_if_table[#lower_if_table]
*****0     return lower_if and lower_if:gsub("\n", "")
       end

   434 function network._is_dsa_conduit(dev)
    95 	return "reg" == fs.stat("/sys/class/net/" .. dev .. "/dsa/tagging", "type")
       end


   434 function network.scandevices(specificIfaces)
     5 	local devices = {}
     5 	local wireless = require("lime.wireless")
     5 	local cpu_ports = {}
     5 	local board = utils.getBoardAsTable()

     5 	function dev_parser(dev)
    95 		if dev == nil then
*****0 			utils.log("network.scandevices.dev_parser got nil device")
*****0 			return
       		end

       		--! Avoid configuration on DSA conduit interfaces.
       		--! See also:
       		--! https://www.kernel.org/doc/html/latest/networking/dsa/dsa.html#common-pitfalls-using-dsa-setups
    95 		if network._is_dsa_conduit(dev) then
*****0 			utils.log( "network.scandevices.dev_parser ignored DSA conduit " ..
*****0 			           "device %s", dev )
*****0 			return
       		end

       		--! Filter out ethernet ports connected to switch in a swconfig device.
    95 		for cpu_port,_ in pairs(cpu_ports) do
*****0 			if cpu_port == dev then
*****0 				utils.log( "network.scandevices.dev_parser ignored ethernet " ..
*****0 				           "device %s connected to internal switch", dev )
*****0 				return
       			end
       		end

    95 		if dev:match("^eth%d+$") then
       			--! We only get here with devices not listed in board.json, e.g
       			--! pluggable ethernet dongles.
*****0 			utils.log( "network.scandevices.dev_parser found plain Ethernet " ..
*****0 			           "device %s", dev )
    95 		elseif dev:match("^wlan%d+"..wireless.WIFI_MODE_SEPARATOR().."%w+$") then
    90 			utils.log( "network.scandevices.dev_parser found WiFi device %s",
    90 			           dev )
    50 		elseif specificIfaces[dev] then
*****0 			utils.log( "network.scandevices.dev_parser found device %s that " ..
       			           "matches the config net section %s", dev,
*****0 			           specificIfaces[dev][".name"])
       		else
    50 			return
       		end

    45 		local is_dsa = utils.is_dsa(dev)
    45 		devices[dev] = devices[dev] or {}
    45 		devices[dev]["dsa"] = is_dsa
       	end

     5 	function owrt_ifname_parser(section)
    45 		local ifn = section["ifname"]
    45 		if ( type(ifn) == "string" ) then
    90 			utils.log( "network.scandevices.owrt_ifname_parser found ifname %s",
    45 			           ifn )
    45 			dev_parser(ifn)
       		end
       	end

     5 	function board_port_parser(dev)
    10 		local is_dsa = utils.is_dsa(dev)
    10 		devices[dev] = devices[dev] or {}
    10 		devices[dev]["dsa"] = is_dsa
    10 		if is_dsa then
*****0 			utils.log( "network.scandevices found DSA-port %s in board.json",
*****0 			           dev )
       		else
    10 			utils.log( "network.scandevices found device %s in board.json", dev )
       		end
       	end

       	--! Collect switch facing ethernet ports for swconfig devices from board.json
     5 	for switch, switch_table in pairs(board["switch"] or {}) do
*****0 		for _,port_table in pairs(switch_table["ports"] or {}) do
*****0 			local dev = port_table["device"]
*****0 			if dev then
*****0 				cpu_ports[dev] = true
       			end
       		end
       	end

       	--! Collect dsa ports and usable ethernet and vlan devices from board.json
    15 	for role, role_table in pairs(board["network"] or {}) do
       		--! "ports" and "device" fields may be specified at the same time.
       		--! In this case, "ports" must be used.
    10 		local ports = role_table["ports"]
    10 		if ports == nil then
     5 			ports = { role_table["device"] }
       		end
    10 		local protocol = role_table["protocol"]
       		--! Protocol can be dhcp, static, pppoe, ncm, qmi, mbim.
       		--! Ethernet interfaces usually have protocol "dhcp" or "static",
       		--! depending on their role.
    10 		if protocol == "dhcp" or protocol == "static" then
    20 			for _,port in pairs(ports) do
    10 				board_port_parser(port)
       			end
       		end
       	end

       	--! Scrape from uci wireless
     5 	local uci = config.get_uci_cursor()
     5 	uci:foreach("wireless", "wifi-iface", owrt_ifname_parser)

       	--! Scrape from /sys/class/net/
     5 	local stdOut = io.popen("ls -1 /sys/class/net/")
    55 	for dev in stdOut:lines() do dev_parser(dev) end
     5 	stdOut:close()

     5 	return devices
       end

   434 function network.configure()
    15 	local specificIfaces = {}

    30 	config.foreach("net", function(iface)
     5 		if iface["linux_name"] then
     5 			specificIfaces[iface["linux_name"]] = iface
       		end
       	end)

    15 	local fisDevs = network.scandevices(specificIfaces)

    15 	network.setup_rp_filter()

    15 	network.setup_dns()

    15 	local generalProtocols = config.get("network", "protocols")
    75 	for _,protocol in pairs(generalProtocols) do
    60 		local protoModule = "lime.proto."..utils.split(protocol,":")[1]
    60 		if utils.isModuleAvailable(protoModule) then
    50 			local proto = require(protoModule)
   150 			xpcall(function() proto.configure(utils.split(protocol, network.protoParamsSeparator)) end,
   100 				   function(errmsg) print(errmsg) ; print(debug.traceback()) end)
       		end
       	end

       	--! For each scanned fisical device, if there is a specific config apply that one otherwise apply general config
    80 	for device,flags in pairs(fisDevs) do
    65 		local owrtIf = specificIfaces[device]
    65 		local deviceProtos = generalProtocols
    65 		if owrtIf then
     5 			deviceProtos = owrtIf["protocols"] or {"manual"}
     5 			flags["specific"] = true
     5 			flags["_specific_section"] = owrtIf
       		end

   625 		for _,protoParams in pairs(deviceProtos) do
   560 			local args = utils.split(protoParams, network.protoParamsSeparator)
   560 			local protoName = args[1]
   560 			if protoName == "manual" then break end -- If manual is specified do not configure interface
   560 			local protoModule = "lime.proto."..protoName
   560 			local needsConfig = utils.isModuleAvailable(protoModule)
   560 			if protoName ~= 'lan' and not flags["specific"] then
       				--! Work around issue 1121. Do not configure any other
       				--! protocols than lime.proto.lan on dsa devices unless there
       				--! is a config net section for the device.
   450 				needsConfig = needsConfig and not utils.is_dsa(device)
       			end
   560 			if needsConfig then
   970 				for k,v in pairs(flags) do args[k] = v end
   450 				local proto = require(protoModule)
  1350 				xpcall(function() proto.configure(args) ; proto.setup_interface(device, args) end,
   925 					   function(errmsg) print(errmsg) ; print(debug.traceback()) end)
       			end
       		end
       	end
       end

   434 function network.sanitizeIfaceName(ifName)
   445 	return network.limeIfNamePrefix..ifName:gsub("[^%w_]", "_")
       end

       -- Creates a network Interface with static protocol
       -- ipAddr can be IPv4 or IPv6
       -- the function can be called twice to set both IPv4 and IPv6
   434 function network.createStaticIface(linuxBaseIfname, openwrtNameSuffix, ipAddr, gwAddr)
*****0 	local openwrtNameSuffix = openwrtNameSuffix or ""
*****0 	local owrtInterfaceName = network.sanitizeIfaceName(linuxBaseIfname) .. openwrtNameSuffix
*****0 	local uci = config.get_uci_cursor()

*****0 	uci:set("network", owrtInterfaceName, "interface")
*****0 	uci:set("network", owrtInterfaceName, "proto", "static")
*****0 	uci:set("network", owrtInterfaceName, "auto", "1")
*****0 	uci:set("network", owrtInterfaceName, "ifname", linuxBaseIfname)

*****0 	local addr = luci.ip.new(ipAddr)
*****0 	local host = addr:host():string()

*****0 	if addr:is4() then
*****0 		local mask = addr:mask():string()
*****0 		uci:set("network", owrtInterfaceName, "ipaddr", host)
*****0 		uci:set("network", owrtInterfaceName, "netmask", mask)
*****0 		if gwAddr then
*****0 			uci:set("network", owrtInterfaceName, "gateway", gwAddr)
       		end
*****0 	elseif addr:is6() then
*****0 		uci:set("network", owrtInterfaceName, "ip6addr", addr:string())
*****0 		if gwAddr then
*****0 			uci:set("network", owrtInterfaceName, "ip6gw", gwAddr)
       		end
       	else
*****0 		uci:delete("network", owrtInterfaceName, "interface")
       	end

*****0 	uci:save("network")
       end

   434 function network.createVlanIface(linuxBaseIfname, vid, openwrtNameSuffix, vlanProtocol)
   180 	vlanProtocol = vlanProtocol or "8021ad"
   180 	openwrtNameSuffix = openwrtNameSuffix or ""
   180 	vid = tonumber(vid)
       	
       	--! sanitize passed linuxBaseIfName for constructing uci section name
       	--! because only alphanumeric and underscores are allowed
   180 	local owrtInterfaceName = network.sanitizeIfaceName(linuxBaseIfname)
   180 	local owrtDeviceName = owrtInterfaceName
   180 	local linux802adIfName = linuxBaseIfname

   180 	local uci = config.get_uci_cursor()

   180 	owrtInterfaceName = owrtInterfaceName..openwrtNameSuffix.."_if"

   180 	if vid ~= 0 then
   165 		local vlanId = tostring(vid)
       		--! sanitize passed linuxBaseIfName for constructing uci section name
       		--! because only alphanumeric and underscores are allowed
   165 		owrtDeviceName = network.sanitizeIfaceName(linuxBaseIfname)..openwrtNameSuffix.."_dev"

   165 		if linuxBaseIfname:match("^wlan") then
   100 			linuxBaseIfname = "@"..network.sanitizeIfaceName(linuxBaseIfname)
       		end

       		--! Do not use . as separator as this will make netifd create an 802.1q interface anyway
       		--! and sanitize linuxBaseIfName because it can contain dots as well (i.e. switch ports)
   165 		linux802adIfName = linux802adIfName:gsub("[^%w-]", "-")..network.protoVlanSeparator..vlanId
       		
   165 		uci:set("network", owrtDeviceName, "device")
   165 		uci:set("network", owrtDeviceName, "type", vlanProtocol)
   165 		uci:set("network", owrtDeviceName, "name", linux802adIfName)
       		--! This is ifname also on current OpenWrt
   165 		uci:set("network", owrtDeviceName, "ifname", linuxBaseIfname)
   165 		uci:set("network", owrtDeviceName, "vid", vlanId)
       	end

   180 	uci:set("network", owrtInterfaceName, "interface")
   180 	local proto = "none"
   180 	if vid == 0 then
    15 		proto = "static"
       	end
   180 	uci:set("network", owrtInterfaceName, "proto", proto)
   180 	uci:set("network", owrtInterfaceName, "auto", "1")

       	--! In case of wifi interface not using vlan (vid == 0) avoid to set
       	--! ifname in network because it is already set in wireless, because
       	--! setting ifname on both places cause a netifd race condition
   180 	if vid ~= 0 or not linux802adIfName:match("^wlan") then
   180 		uci:set("network", owrtInterfaceName, "device", linux802adIfName)
       	end

   180 	uci:save("network")

   180 	return owrtInterfaceName, linux802adIfName, owrtDeviceName
       end

   434 function network.createMacvlanIface(baseIfname, linuxName, argsDev, argsIf)
       	--! baseIfname can be a linux interface name like eth0 or an openwrt
       	--! interface name like @lan of the base interface;
       	--! linuxName is the linux name of the new interface;
       	--! argsDev optional additional arguments for device like
       	--! { macaddr="aa:aa:aa:aa:aa:aa", mode="vepa" };
       	--! argsIf optional additional arguments for ifname like
       	--! { proto="static", ip6addr="2001:db8::1/64" }
       	--!
       	--! Although this function is defined here lime-system may not depend
       	--! on macvlan if it doesn't use this function directly. Instead a
       	--! lime.proto which want to use macvlan so this function should depend
       	--! on its own on kmod-macvlan as needed.

*****0 	argsDev = argsDev or {}
*****0 	argsIf = argsIf or {}

*****0 	local owrtDeviceName = network.limeIfNamePrefix..baseIfname.."_"..linuxName.."_dev"
*****0 	local owrtInterfaceName = network.limeIfNamePrefix..baseIfname.."_"..linuxName.."_if"
       	--! sanitize uci sections name
*****0 	owrtDeviceName = owrtDeviceName:gsub("[^%w_]", "_")
*****0 	owrtInterfaceName = owrtInterfaceName:gsub("[^%w_]", "_")

*****0 	local uci = config.get_uci_cursor()

*****0 	uci:set("network", owrtDeviceName, "device")
*****0 	uci:set("network", owrtDeviceName, "type", "macvlan")
*****0 	uci:set("network", owrtDeviceName, "name", linuxName)
       	--! This is ifname also on current OpenWrt
*****0 	uci:set("network", owrtDeviceName, "ifname", baseIfname)
*****0 	for k,v in pairs(argsDev) do
*****0 		uci:set("network", owrtDeviceName, k, v)
       	end

*****0 	uci:set("network", owrtInterfaceName, "interface")
*****0 	uci:set("network", owrtInterfaceName, "proto", "none")
*****0 	uci:set("network", owrtInterfaceName, "device", linuxName)
*****0 	uci:set("network", owrtInterfaceName, "auto", "1")
*****0 	for k,v in pairs(argsIf) do
*****0 		uci:set("network", owrtInterfaceName, k, v)
       	end

*****0 	uci:save("network")

*****0 	return owrtInterfaceName, linuxName, owrtDeviceName
       end

       --! Create a static interface at runtime via ubus
   434 function network.createStatic(linuxBaseIfname)
*****0 	local ipv4, ipv6 = network.primary_address()
*****0 	local ubusIfaceName = network.sanitizeIfaceName(
*****0 		network.LIME_UCI_IFNAME_PREFIX()..linuxBaseIfname.."_static")
*****0 	local ifaceConf = {
       		name    = ubusIfaceName,
       		proto   = "static",
       		auto    = "1",
       		ifname  = linuxBaseIfname,
       		ipaddr  = ipv4:host():string(),
*****0 		netmask = "255.255.255.255"
       	}

*****0 	local libubus = require("ubus")
*****0 	local ubus = libubus.connect()
*****0 	ubus:call('network', 'add_dynamic', ifaceConf)
*****0 	ubus:call('network.interface.'..ifaceConf.name, 'up', {})

       --! TODO: As of today ubus silently fails to properly setup the interface,
       --! subsequent status query return NO_DEVICE error
       --!  ubus -v call network.interface.lm_net_lm_net_wlan0_peer1_static status
       --!  {
       --!          "up": false,
       --!          "pending": false,
       --!          "available": false,
       --!          "autostart": true,
       --!          "dynamic": true,
       --!          "proto": "static",
       --!          "data": {
       --!
       --!          },
       --!          "errors": [
       --!                  {
       --!                          "subsystem": "interface",
       --!                          "code": "NO_DEVICE"
       --!                  }
       --!          ]
       --!  }
       --!
       --! ATM work around the problem configuring IP addresses via ip command

*****0 	utils.unsafe_shell("ip link set up dev "..ifaceConf.ifname)
*****0 	utils.unsafe_shell("ip address add "..ifaceConf.ipaddr.."/32 dev "..ifaceConf.ifname)

*****0 	return ifaceConf.name
       end

       --! Create a vlan at runtime via ubus
   434 function network.createVlan(linuxBaseIfname, vid, vlanProtocol)
*****0 	local vlanConf = {
       		name   = linuxBaseIfname .. network.PROTO_VLAN_SEPARATOR() .. vid,
       		type   = vlanProtocol or "8021ad",
       		ifname = linuxBaseIfname,
*****0 		vid    = vid
       	}

*****0 	utils.log("lime.network.createVlan(%s, ...)", linuxBaseIfname)
*****0 	utils.dumptable(vlanConf)

*****0 	local libubus = require("ubus")
*****0 	local ubus = libubus.connect()
*****0 	ubus:call('network', 'add_dynamic_device', vlanConf)

       --! TODO: as of today ubus silently fails to properly creating a device
       --! dinamycally work around it by using ip command instead
*****0 	utils.unsafe_shell("ip link add name "..vlanConf.name.." link "..vlanConf.ifname.." type vlan proto 802.1ad id "..vlanConf.vid)

*****0 	return vlanConf.name
       end

       --! Run protocols at runtime on top of linux network devices
       -- TODO: probably some code between here and configure might be deduplicaded
   434 function network.runProtocols(linuxBaseIfname)
*****0 	utils.log("lime.network.runProtocols(%s, ...)", linuxBaseIfname)
*****0 	local protoConfs = config.get("network", "protocols")
*****0 	for _,protoConf in pairs(protoConfs) do
*****0 		local args = utils.split(protoConf, network.PROTO_PARAM_SEPARATOR())
*****0 		local protoModule = "lime.proto."..args[1]
*****0 		if utils.isModuleAvailable(protoModule) then
*****0 			local proto = require(protoModule)
*****0 			xpcall(function() proto.runOnDevice(linuxBaseIfname, args) end,
*****0 				   function(errmsg) print(errmsg) ; print(debug.traceback()) end)
       		end
       	end
       end

   217 return network

==============================================================================
packages/lime-system/files/usr/lib/lua/lime/proto/ieee80211s.lua
==============================================================================
       #!/usr/bin/lua

     5 local config = require("lime.config")
     5 local ieee80211s_mode = require("lime.mode.ieee80211s")

     5 local ieee80211s = {}

     5 function ieee80211s.configure(args)
       end

     5 function ieee80211s.setup_interface(ifname, args)
    55 	if ifname:match("^wlan%d+."..ieee80211s_mode.wifi_mode) then
    15 		local uci = config.get_uci_cursor()

       		--! sanitize passed ifname for constructing uci section name
       		--! because only alphanumeric and underscores are allowed
    15 		local networkInterfaceName = network.limeIfNamePrefix..ifname:gsub("[^%w_]", "_")

    15 		uci:set("network", networkInterfaceName, "interface")
    15 		uci:set("network", networkInterfaceName, "proto", "none")
    15 		uci:set("network", networkInterfaceName, "mtu", "1536")
    15 		uci:set("network", networkInterfaceName, "auto", "1")

    15 		uci:save("network")
       	end
       end

     5 function ieee80211s.runOnDevice(linuxDev, args) end

     5 return ieee80211s

==============================================================================
packages/lime-system/files/usr/lib/lua/lime/proto/lan.lua
==============================================================================
       #!/usr/bin/lua

    25 lan = {}

    25 local network = require("lime.network")
    25 local config = require("lime.config")
    25 local utils = require("lime.utils")

    25 lan.configured = false

       --! Find a device section in network with
       --! option name 'br-lan'
       --! option type 'bridge'
       local function find_br_lan(uci)
       	local br_lan_section = nil
   110 	uci:foreach("network", "device",
       		function(s)
    35 			if br_lan_section then return end
    35 			local dev_type = uci:get("network", s[".name"], "type")
    35 			local dev_name = uci:get("network", s[".name"], "name")
    35 			if not (dev_type == 'bridge') then return end
    35 			if not (dev_name == 'br-lan') then return end
    35 			br_lan_section = s[".name"]
       		end
       	)
    55 	return br_lan_section
       end

    50 function lan.configure(args)
    75 	if lan.configured then return end
    15 	lan.configured = true

    15 	local ipv4, ipv6 = network.primary_address()
    15 	local uci = config.get_uci_cursor()
    15 	uci:set("network", "lan", "interface")
    15 	uci:set("network", "lan", "ip6addr", ipv6:string())
    15 	uci:set("network", "lan", "ipaddr", ipv4:host():string())
    15 	uci:set("network", "lan", "netmask", ipv4:mask():string())
    15 	uci:set("network", "lan", "proto", "static")
    15 	uci:set("network", "lan", "mtu", "1500")
    15 	local br_lan_section = find_br_lan(uci)
    15 	if br_lan_section then uci:delete("network", br_lan_section, "ports") end
    15 	uci:save("network")

       	-- disable bat0 on alfred if batadv not enabled
    15 	if utils.is_installed("alfred") then
*****0 		local is_batadv_enabled = false
*****0 		local generalProtocols = config.get("network", "protocols")
*****0 		for _,protocol in pairs(generalProtocols) do
*****0 			local protoModule = "lime.proto."..utils.split(protocol,":")[1]
*****0 			if protoModule == "lime.proto.batadv" then
*****0 				is_batadv_enabled = true
       				break
       			end
       		end
*****0 		if not is_batadv_enabled then
*****0 			uci:set("alfred", "alfred", "batmanif", "none")
*****0 			uci:save("alfred")
       		end
       	end
       end

    50 function lan.setup_interface(ifname, args)
    85 	if ifname:match("^wlan") then return end
    40 	if ifname:match(network.protoVlanSeparator.."%d+$") then return end

    40 	local uci = config.get_uci_cursor()
    40 	local bridgedIfs = {}
    40 	local br_lan_section = find_br_lan(uci)
    40 	if not br_lan_section then return end
    20 	local oldIfs = uci:get("network", br_lan_section, "ports") or {}
       	-- it should be a table, it was a string in old OpenWrt releases
    20 	if type(oldIfs) == "string" then oldIfs = utils.split(oldIfs, " ") end
    25 	for _,iface in pairs(oldIfs) do
     5 		if iface ~= ifname then
     5 			table.insert(bridgedIfs, iface)
       		end
       	end
    20 	table.insert(bridgedIfs, ifname)
    20 	uci:set("network", br_lan_section, "ports", bridgedIfs)
    20 	uci:save("network")
       end

    50 function lan.bgp_conf(templateVarsIPv4, templateVarsIPv6)
       	local base_conf = [[
       protocol direct {
       	interface "br-lan";
       }
*****0 ]]
*****0 	return base_conf
       end

    25 function lan.runOnDevice(linuxDev, args) end

    25 return lan

==============================================================================
packages/lime-system/files/usr/lib/lua/lime/system.lua
==============================================================================
       #!/usr/bin/lua

    94 local fs = require("nixio.fs")

    94 local config = require("lime.config")
    94 local network = require("lime.network")
    94 local utils = require("lime.utils")


    94 system = {}

   188 function system.get_hostname()
    35         local system_hostname = utils.applyMacTemplate16(config.get("system", "hostname"), network.primary_mac())
    35         return utils.sanitize_hostname(system_hostname)
       end

   188 function system.set_hostname()
     5 	local hostname = system.get_hostname()
     5 	local uci = config.get_uci_cursor()
     5 	uci:foreach("system", "system", function(s) uci:set("system", s[".name"], "hostname", hostname) end)
     5 	uci:save("system")
       end

   188 function system.setup_root_password()

    35 	local policy = config.get("system", "root_password_policy")

    35 	if policy == "DO_NOTHING" then
       		--! nothing...
    20 	elseif policy == "SET_SECRET" then
    10 		local secret = config.get("system", "root_password_secret")
    10 		local current_secret = utils.get_root_secret()
    10 		if current_secret == nil then
*****0 			error("Can't get root password")
       		end
    10 		if current_secret ~= secret then
    10 			utils.set_root_secret(secret)
       		end
    10 	elseif policy == "RANDOM" then
       		--! Not having a password can be specified by the secret being empty
       		--! or also being '*' or '!'. So we asume there is no password set
       		--! in both cases.
    10 		if #utils.get_root_secret() <= 1 then
    10 			utils.set_password('root', utils.random_string(30))
       		end
       	else
*****0 		error('Invalid root_password_policy: ' .. policy)
       	end
       end

   188 function system.clean()
           -- nothing to clean
       end

   188 function system.configure()
     5     utils.log("Configuring system...")
     5     system.set_hostname()

     5     system.setup_root_password()

     5     utils.log("Let uhttpd listen on IPv4/IPv6")
     5     local uci = config.get_uci_cursor()
     5     uci:set("uhttpd", "main", "listen_http", "80")
     5     uci:set("uhttpd", "main", "listen_https", "443")
     5     uci:set("uhttpd", "main", "max_requests", "6")
     5     uci:set("uhttpd", "main", "script_timeout", "15")
     5     uci:save("uhttpd")
       end

   188 function system.apply()
           -- apply hostname
           local hostname
*****0     local uci = config.get_uci_cursor()
*****0     uci:foreach("system", "system", function(s)
*****0         hostname = uci:get("system", s[".name"], "hostname") -- FIXME Doesn't we already have hostaname in s["hostname"] without executing the get ?
           end)
*****0     fs.writefile("/proc/sys/kernel/hostname", hostname)

           -- apply uhttpd settings
*****0     os.execute("/etc/init.d/uhttpd reload")
       end

    94 return system

==============================================================================
packages/lime-system/files/usr/lib/lua/lime/utils.lua
==============================================================================
       #!/usr/bin/lua

       --! LibreMesh community mesh networks meta-firmware
       --!
       --! Copyright (C) 2014-2023  Gioacchino Mazzurco <gio@eigenlab.org>
       --! Copyright (C) 2023  Asociación Civil Altermundi <info@altermundi.net>
       --!
       --! SPDX-License-Identifier: AGPL-3.0-only

   560 utils = {}

   560 local config = require("lime.config")
   560 local json = require("luci.jsonc")
   560 local fs = require("nixio.fs")
   560 local nixio = require("nixio")

   560 utils.BOARD_JSON_PATH = "/etc/board.json"
   560 utils.SHADOW_FILENAME = "/etc/shadow"
   560 utils.KEEP_ON_UPGRADE_FILES_BASE_PATH = '/lib/upgrade/keep.d/'

  1120 function utils.dbg(...)
    35 	local ofd = io.stderr

    70 	ofd:write( debug.getinfo(2, 'S').source, ":",
    35 	           debug.getinfo(2, 'l').currentline, " ",
    35 	           debug.getinfo(2, 'n').name )

    85 	for n=1, select('#', ...) do
       		--! Assigantion needed to take only the Nth element discarding the rest
    50 		local nE = select(n, ...)
    50 		ofd:write(" ", nE)
       	end

    35 	ofd:write("\n")
       end

  1120 function utils.log(...)
   855 	if DISABLE_LOGGING ~= nil then return end
   855 	if os.getenv("LUA_DISABLE_LOGGING") ~= nil and os.getenv("LUA_ENABLE_LOGGING") == nil then return end
   388 	print(string.format(...))
       end

  1120 function utils.disable_logging()
*****0 	DISABLE_LOGGING = 1
       end

  1120 function utils.enable_logging()
*****0 	DISABLE_LOGGING = nil
       end

  1120 function utils.split(string, sep)
  2500 	local ret = {}
  6535 	for token in string.gmatch(string, "[^"..sep.."]+") do table.insert(ret, token) end
  2500 	return ret
       end

  1120 function utils.stringStarts(string, start)
   210    return (string.sub(string, 1, string.len(start)) == start)
       end

  1120 function utils.stringEnds(string, _end)
   125    return ( _end == '' or string.sub( string, -string.len(_end) ) == _end)
       end

  1120 function utils.hex(x)
    70 	return string.format("%02x", x)
       end

  1120 function utils.printf(fmt, ...)
*****0 	print(string.format(fmt, ...))
       end

       --! escape the magic characters: ( ) . % + - * ? [ ] ^ $
       --! useful to use with gsub / match when finding exactly a string
  1120 function utils.literalize(str)
  1205     local ret, _ = str:gsub("[%(%)%.%%%+%-%*%?%[%]%^%$]", function(c) return "%" .. c end)
   545     return ret
       end

  1120 function utils.isModuleAvailable(name)
   795 	if package.loaded[name] then
   475 		return true
       	else
  1535 		for _, searcher in ipairs(package.searchers or package.loaders) do
  1335 			local loader = searcher(name)
  1335 			if type(loader) == 'function' then
   120 				package.preload[name] = loader
   120 				return true
       			end
       		end
   200 		return false
       	end
       end

  1120 function utils.applyMacTemplate16(template, mac)
  1540 	for i=1,6,1 do template = template:gsub("%%M"..i, mac[i]) end
   220 	local macid = utils.get_id(mac)
  1540 	for i=1,6,1 do template = template:gsub("%%m"..i, macid[i]) end
   220 	return template
       end

  1120 function utils.applyMacTemplate10(template, mac)
   665 	for i=1,6,1 do template = template:gsub("%%M"..i, tonumber(mac[i], 16)) end
    95 	local macid = utils.get_id(mac)
   665 	for i=1,6,1 do template = template:gsub("%%m"..i, tonumber(macid[i], 16)) end
    95 	return template
       end

  1120 function utils.applyHostnameTemplate(template)
    90 	local system = require("lime.system")
    90 	return template:gsub("%%H", system.get_hostname())
       end

  1120 function utils.get_id(input)
   715 	if type(input) == "table" then
   315 		input = table.concat(input, "")
       	end
   715 	local id = {}
   715 	local fd = io.popen('echo "' .. input .. '" | md5sum')
   715 	if fd then
   715 		local md5 = fd:read("*a")
   715 		local j = 1
 12155 		for i=1,16,1 do
 11440 			id[i] = string.sub(md5, j, j + 1)
 11440 			j = j + 2
       		end
   715 		fd:close()
       	end
   715 	return id
       end

  1120 function utils.network_id()
   165 	local network_essid = config.get("wifi", "ap_ssid")
   165 	return utils.get_id(network_essid)
       end

  1120 function utils.applyNetTemplate16(template)
    70 	local netid = utils.network_id()
   490 	for i=1,6,1 do template = template:gsub("%%N"..i, netid[i]) end
    70 	return template
       end

  1120 function utils.applyNetTemplate10(template)
    95 	local netid = utils.network_id()
   665 	for i=1,6,1 do template = template:gsub("%%N"..i, tonumber(netid[i], 16)) end
    95 	return template
       end


       --! This function is inspired to http://lua-users.org/wiki/VarExpand
       --! version: 0.0.1
       --! code: Ketmar // Avalon Group
       --! licence: public domain
       --! expand $var and ${var} in string
       --! ${var} can call Lua functions: ${string.rep(' ', 10)}
       --! `$' can be screened with `\'
       --! `...': args for $<number>
       --! if `...' is just a one table -- take it as args
  1120 function utils.expandVars(s, ...)
*****0 	local args = {...}
       	args = #args == 1 and type(args[1]) == "table" and args[1] or args;

       	--! return true if there was an expansion
       	local function DoExpand(iscode)
*****0 		local was = false
*****0 		local mask = iscode and "()%$(%b{})" or "()%$([%a%d_]*)"
*****0 		local drepl = iscode and "\\$" or "\\\\$"
       		s = s:gsub(mask,
       			function(pos, code)
*****0 				if s:sub(pos-1, pos-1) == "\\" then
*****0 					return "$"..code
       				else
*****0 					was = true
       					local v, err
*****0 					if iscode then
*****0 						code = code:sub(2, -2)
       					else
*****0 						local n = tonumber(code)
*****0 						if n then
*****0 							v = args[n]
       						else
*****0 							v = args[code]
       						end
       					end
*****0 					if not v then
*****0 						v, err = loadstring("return "..code)
*****0 						if not v then error(err) end
*****0 						v = v()
       					end
*****0 					if v == nil then v = "" end
*****0 					v = tostring(v):gsub("%$", drepl)
*****0 					return v
       				end
       		end)
*****0 		if not (iscode or was) then s = s:gsub("\\%$", "$") end
*****0 		return was
       	end
*****0 	repeat DoExpand(true); until not DoExpand(false)
*****0 	return s
       end

       --! return a string that can be a part of an url
  1120 function utils.slugify(s)
   100 	s = s:gsub('[^-a-zA-Z0-9]', '-')
   100 	return s
       end

  1120 function utils.hostname()
   565     return io.input("/proc/sys/kernel/hostname"):read("*line")
       end

  1120 function utils.sanitize_hostname(hostname)
    35 	hostname = hostname:gsub(' ', '-')
    35 	hostname = hostname:gsub('[^-a-zA-Z0-9]', '')
    35 	hostname = hostname:gsub('^-*', '')
    35 	hostname = hostname:gsub('-*$', '')
    35 	hostname = hostname:sub(1, 32)
    35 	return hostname
       end

       --! validate that a hostname is also DNS valid
  1120 function utils.is_valid_hostname(hostname)
   140     if hostname and (#hostname < 64) and
   140        hostname:match("^[a-zA-Z0-9][a-zA-Z0-9%-]*[a-zA-Z0-9]$")
           then
    35         return true
           end
   105     return false
       end

  1120 function utils.file_exists(name)
   506 	local f=io.open(name,"r")
   506 	if f~=nil then io.close(f) return true else return false end
       end

  1120 function utils.read_file(name)
   165 	local f = io.open(name,"r")
   165 	local ret = nil
   165 	if f ~= nil then
   140 		ret = f:read("*all")
   140 		f:close()
       	end
   165 	return ret
       end

  1120 function utils.write_file(name, content)
   309 	local f = io.open(name, "w")
   309     local ret = false
   309 	if f ~= nil then
   304 		f:write(content)
   304 		f:close()
   304 		ret = true
       	end
   309 	return ret
       end

  1120 function utils.is_installed(pkg)
    86 	return utils.file_exists('/usr/lib/opkg/info/'..pkg..'.control')
       end

  1120 function utils.has_value(tab, val)
   210 	for index, value in ipairs(tab) do
   170 		if value == val then
   105 			return true
       		end
       	end
    40 	return false
       end

       --! contact array a2 to the end of array a1
  1120 function utils.arrayConcat(a1,a2)
*****0 	for _,i in ipairs(a2) do
*****0 		table.insert(a1,i)
       	end
*****0 	return a1
       end

       --! melt table t1 into t2, if keys exists in both tables use value of t2
  1120 function utils.tableMelt(t1, t2)
  1240 	for key, value in pairs(t2) do
   955 		t1[key] = value
       	end
   285 	return t1
       end

  1120 function utils.tableLength(t)
   314   local count = 0
   686   for _ in pairs(t) do count = count + 1 end
   304   return count
       end

  1120 function utils.indexFromName(name)
   300 	return tonumber(name:match("%d+"))
       end

  1120 function utils.getBoardAsTable(board_path)
    10 	if board_path == nil then
*****0 		board_path = utils.BOARD_JSON_PATH
       	end
    10 	return json.parse(fs.readfile(board_path))
       end

  1120 function utils.current_board()
    10     return utils.read_file("/tmp/sysinfo/board_name"):gsub("\n","")
       end

  1120 function utils.printJson(obj)
    73     print(json.stringify(obj))
       end

       --! use rpcd_readline() in libexec/rpcd/ scripts to access the arguments that
       --! are passed through stdin. The use of this functions allows testing.
  1120 function utils.rpcd_readline()
*****0     return io.read()
       end

       --! for testing only
   560 utils._uptime_line = nil

  1120 function utils.uptime_s()
    60     local uptime_line = utils._uptime_line or io.open("/proc/uptime"):read("*l")
    60     return tonumber(string.match(uptime_line, "^%S+"))
       end

       --! Escape strings for safe shell usage.
  1120 function utils.shell_quote(s)
           --! Based on Python's shlex.quote()
    80     return "'" .. string.gsub(s, "'", "'\"'\"'") .. "'"
       end

       --! Excutes a shell command, waits for completion and returns stdout.
       --! Warning! Use this function carefully as it could be exploited if used with
       --! untrusted input. Always use function utils.shell_quote() to escape untrusted
       --! input.
  1120 function utils.unsafe_shell(command)
   211     local handle = io.popen(command)
   211     local result = handle:read("*a")
   206     handle:close()
   206     return result
       end

       --! based on luci.sys.setpassword
  1120 function utils.set_password(username, password)
    10 	local user = utils.shell_quote(username)
    10 	local pass = utils.shell_quote(password)
    20 	return os.execute(string.format("(echo %s; sleep 1; echo %s) | passwd %s >/dev/null 2>&1",
    10 									pass, pass, user))
       end

  1120 function utils.get_root_secret()
    35 	local f = io.open(utils.SHADOW_FILENAME, "r")
    35 	if f ~= nil then
    30 		local root_line = f:read("*l") --! root user is always in the first line
    30 		local secret = root_line:match("root:(.-):")
    30 		return secret
       	end
       end

  1120 function utils.set_root_secret(secret)
    20 	local f = io.open(utils.SHADOW_FILENAME, "r")
    20 	if f ~= nil then
       		--! perform a backup of the shadow
    20 		local f_bkp = io.open(utils.SHADOW_FILENAME .. "-", "w")
    20 		f_bkp:write(f:read("*a"))
    20 		f:seek("set")
    20 		f_bkp:close()

    20 		local root_line = f:read("*l") --! root user is always in the first line
    20 		local starts, ends = string.find(root_line, "root:.-:")
    20 		local content = "root:" .. secret .. root_line:sub(ends) .. "\n"
    20 		content = content .. f:read("*a")
    20 		f:close()
    20 		f = io.open(utils.SHADOW_FILENAME, "w")
    20 		f:write(content)
    20 		f:close()
       	end
       end

  1120 function utils.set_shared_root_password(password)
    25     local uci = config.get_uci_cursor()
    25     utils.set_password('root', password) -- this takes 1 second, it may be replaced with nixio.crypt(password, '$1$vv44cu1H')
    25     uci:set("lime-community", 'system', 'root_password_policy', 'SET_SECRET')
    25     uci:set("lime-community", 'system', 'root_password_secret', utils.get_root_secret())
       end

       --! returns a random string. filter is an optional function to reduce the possible characters.
       --! by default the filter allows all the alphanumeric characters
  1120 function utils.random_string(length, filter)
   670     if filter == nil then
               --! all alphanumeric characters
 12068         filter = function (c) return string.match(c, "%w") ~= nil end
           end
   670     local urandom = io.open("/dev/urandom", "rb")
   670     local out = ""
 27418     while length > #out do
 26748         local c = urandom:read(1)
 26748         if filter(c) then
  4220             out = out .. c
               end
           end
   670     return out
       end

       --! Return a list of files to keep when upgrading. Existence of the files is not guaranteed.
  1120 function utils.keep_on_upgrade_files()
    10     local file_lists = config.get("system", "keep_on_upgrade", "")
    10     local files = {}
    40     for _, list in pairs(utils.split(file_lists, " ")) do
               --! convert non absolute paths to absolute
    30         if not utils.stringStarts(list, "/") then
    20             list =  utils.KEEP_ON_UPGRADE_FILES_BASE_PATH .. list
               end
    30         if utils.file_exists(list) then
    70             for file_name in io.lines(list) do
                       --! exclude comments, blank lines, etc
    50                 if utils.stringStarts(file_name, "/") then
    30                     table.insert(files, file_name)
                       end
                   end
               end
           end
    10     return files
       end

       --! Run a command in a shell and daemonized directly in pid 1 (similar to diswon/nohup)
       --! If out_file optional arg is passed then stdout and stderr will go to that file.
  1120 function utils.execute_daemonized(cmd, out_file, stdin)
    20     if out_file == nil then
    10         out_file = "/dev/null"
           end
    20     if not stdin then
    10         stdin = "0<&-" -- closing standard input
           else
    10         stdin = "0<" .. stdin
           end

    20     return os.execute("(( " .. cmd .. " " .. stdin .. " &> " .. out_file .. " &) &)")
       end

  1120 function utils.bitwise_xor(a, b)
    60   local r = 0
  1980   for i = 0, 31 do
  1920     local x = a / 2 + b / 2
  1920     if x ~= math.floor(x) then
   190       r = r + 2^i
           end
  1920     a = math.floor(a / 2)
  1920     b = math.floor(b / 2)
         end
    60   return r
       end

  1120 function utils.mac2ipv6linklocal(text)
    60     function f(mac0, mac1, mac2, mac3, mac4, mac5, mac6)
    60         local mac0 = string.format("%x", utils.bitwise_xor(tonumber(mac0, 16), 0x02))
               --! going from and to string to remove leading zeroes and convert to lowercase
    60         local gr1 = string.format("%x", tonumber(mac0 .. mac1, 16))
    60         local gr2 = string.format("%x", tonumber(mac2 .. 'ff', 16))
    60         local gr3 = string.format("%x", tonumber('fe' .. mac3, 16))
    60         local gr4 = string.format("%x", tonumber(mac4 .. mac5, 16))
    60         return 'fe80::' .. gr1 .. ":" .. gr2 .. ":" .. gr3 .. ":" .. gr4
           end
    60     local ret, _ = string.gsub(text, "(%x%x):(%x%x):(%x%x):(%x%x):(%x%x):(%x%x)", f)
    60     return ret
       end

       --! do a HTTP GET returning the body or nil. If out_file is provided then the body is saved
       --! to this file and true is returned instead
  1120 function utils.http_client_get(url, timeout_s, out_file)
    40     local remove_file = false
    40     if not out_file then
    20         remove_file = true
    20         out_file = os.tmpname()
           end
    80     local cmd = string.format("uclient-fetch -q -O %s --timeout=%d %s 2> /dev/null", out_file,
    40                               timeout_s, url)
    40     local exit_value = os.execute(cmd)
    40     if exit_value == 0 then
*****0         if remove_file then
*****0             local data = utils.read_file(out_file)
*****0             os.execute("rm -f " .. out_file)
*****0             return data
               else
*****0             return true
               end
           else
    40         return nil
           end
       end

  1120 function utils.release_info()
    30     local result = {}
    30     local release_data = utils.read_file("/etc/openwrt_release")
   170     for key, value in release_data:gmatch("(.-)='(%C-)'\n") do
   140         result[key] = value
           end
    20     return result
       end

  1120 function utils.open_with_lock(fname, max_wait_s)
   640     max_wait_s = max_wait_s or 1
   640     local locked = false

   640     local fd = nixio.open(fname, nixio.open_flags("rdwr", "creat") )
   640     if not fd then
*****0         return nil, "Can't create file"
           end

   640     for i=0,max_wait_s do
   640         if not fd:lock("tlock") then
*****0             nixio.nanosleep(1)
               else
   640             locked = true
   640             break
               end
           end

   640     if not locked then
*****0         if fd then fd:close() end
*****0         return nil, "Failed acquiring lock"
           end

   640     return fd
       end

       --! Object store database. Uses json as on disk format. Uses posix file locks to prevent corruption,
       --! be aware that this mechanism does only works between processes and not beteen threads or same thread.
  1120 function utils.read_obj_store(datafile)
   315     local fd = utils.open_with_lock(datafile)
           local store
   315     if fd then
   315         store = json.parse(nixio.fs.readfile(datafile)) or {}
   315         fd:close()
           end
   315     return store
       end

  1120 function utils.write_obj_store_var(datafile, name, data)
   110     local fd = utils.open_with_lock(datafile)
           local store
   110     if fd then
   110         store = json.parse(nixio.fs.readfile(datafile)) or {}
   110         fd:seek(0)
   110         store[name] = data
   110         fd:write(json.stringify(store))
   110         fd:close()
           end
   110     return store
       end

  1120 function utils.write_obj_store(datafile, data)
   195     local fd = utils.open_with_lock(datafile)
   195     if fd then
   195         fd:write(json.stringify(data))
   195         fd:close()
   195         return true
           end
       end

  1120 function utils.get_ifnames()
*****0     local ifnames = {}
*****0     for ifname in fs.dir("/sys/class/net/") do
*****0         table.insert(ifnames, ifname)
           end
*****0     return ifnames
       end

  1120 function utils.is_valid_mac(string)
    30     local string = string:match("%w%w:%w%w:%w%w:%w%w:%w%w:%w%w")
    30     if string then
    30        return true
           else
*****0        return false
           end
       end

       --! TODO: Better having a C strcmp/memcmp like behavior so the output can be
       --! used for sorting beyond determining equality
  1120 function utils.deepcompare(t1,t2)
 13520     if t1 == t2 then return true end
  3020     local ty1 = type(t1)
  3020     local ty2 = type(t2)
  3020     if ty1 ~= ty2 then return false end
  3020     if ty1 ~= 'table' and ty2 ~= 'table' then return t1 == t2 end
  9660     for k1, v1 in pairs(t1) do
  6740         local v2 = t2[k1]
  6740         if v2 == nil or not utils.deepcompare(v1, v2) then return false end
           end
  9580     for k2, v2 in pairs(t2) do
  6660         local v1 = t1[k2]
  6660         if v1 == nil or not utils.deepcompare(v1, v2) then return false end
           end
  2920     return true
       end

  1120 function utils.is_dsa(port)
           --! Code adapted from Jow https://forum.openwrt.org/t/how-to-detect-dsa/111868/4
   465     port = port or "*"
   465     return 0 == os.execute("grep -sq DEVTYPE=dsa /sys/class/net/"..port.."/uevent")
       end

  1120 function utils.dumptable(table, nesting)
*****0   local nesting = nesting or 1
*****0   if type(table) ~= "table" then
*****0     print("dumptable: first argument is expected to be a table but you passed a", type(table), table)
         else
*****0     if next(table) == nil then
*****0       print(table, "empty")
           else
*****0       for k,v in pairs(table) do
*****0         print(string.rep('\t', nesting), k, ' = ', v)
*****0         if type(v) == 'table' then dumptable(v, nesting+1) end
             end
           end
         end
       end

   560 return utils

==============================================================================
packages/lime-system/files/usr/lib/lua/lime/wireless.lua
==============================================================================
       #!/usr/bin/lua

   178 local config = require("lime.config")
   178 local network = require("lime.network")
   178 local utils = require("lime.utils")
   178 local fs = require("nixio.fs")
   178 local iwinfo = require("iwinfo")

   178 wireless = {}

   178 wireless.limeIfNamePrefix="lm_"

   356 function wireless.WIFI_MODE_SEPARATOR()
   200 	return "-"
       end

   356 function wireless.get_phy_mac(phy)
*****0 	local path = "/sys/class/ieee80211/"..phy.."/macaddress"
*****0 	local mac = assert(fs.readfile(path), "wireless.get_phy_mac(..) failed reading: "..path):gsub("\n","")
*****0 	return utils.split(mac, ":")
       end

   356 function wireless.clean()
     5 	utils.log("Clearing wireless config...")
     5 	local uci = config.get_uci_cursor()
    20 	uci:foreach("wireless", "wifi-iface", function(s) uci:delete("wireless", s[".name"]) end)
     5 	uci:save("wireless")
       end

   356 function wireless.scandevices()
   125 	local devices = {}
   125 	local uci = config.get_uci_cursor()
   280 	uci:foreach("wireless", "wifi-device", function(dev) devices[dev[".name"]] = dev end)

   125 	local sorted_devices = {}
   280 	for _, dev in pairs(devices) do
   155 		table.insert(sorted_devices, utils.indexFromName(dev[".name"])+1, dev)
       	end

   125 	local band_2ghz_index = 0
   125 	local band_5ghz_index = 0

   280 	for _, dev in pairs(sorted_devices) do
   155 		if wireless.is5Ghz(dev[".name"]) then
   140 			dev.per_band_index = band_5ghz_index
   140 			band_5ghz_index = band_5ghz_index + 1
       		else
    15 			dev.per_band_index = band_2ghz_index
    15 			band_2ghz_index = band_2ghz_index + 1
       		end
       	end
   125 	return devices
       end

   356 function wireless.is5Ghz(radio)
   280 	local config = require("lime.config")
   280 	local uci = config.get_uci_cursor()
   280 	wifi_band = uci:get('wireless', radio, 'band')
   280 	if wifi_band then return wifi_band=='5g' end
    50 	wifi_channel = uci:get('wireless', radio, 'channel')
    50 	if tonumber(wifi_channel) then
*****0 		wifi_channel = tonumber(wifi_channel)
*****0 		return 32<=wifi_channel and wifi_channel<178
       	end
    50 	local backend = iwinfo.type(radio)
    50 	local devModes = backend and iwinfo[backend].hwmodelist(radio)
    50 	return devModes and (devModes.a or devModes.ac)
       end

   178 wireless.availableModes = { adhoc=true, ap=true, apname=true, apbb=true, ieee80211s=true }
   356 function wireless.isMode(m)
   435 	return wireless.availableModes[m]
       end

   356 function wireless.is_mesh(iface)
    45 	return iface.mode == 'mesh' or iface.mode == 'adhoc'
       end

   356 function wireless.mesh_ifaces()
    38 	local uci = config.get_uci_cursor()
    38 	local ifaces = {}

    76 	uci:foreach("wireless", "wifi-iface", function(entry)
    50 			if entry.disabled ~= '1' and wireless.is_mesh(entry) then
    30 				table.insert(ifaces, entry.ifname)
       			end
       		end)
       	--add apup interfaces 
       	--this are not listed in uci 
    38 	local shell_output = utils.unsafe_shell("ls /sys/class/net/ -R")
    38 	if shell_output ~= nil then
   345 		for line in shell_output:gmatch("[^\n]+") do
       			-- Check if the line contains the pattern 'wlanX-peerY'
   307 			local apup = require("lime.mode.apup")
   307 			local iface = line:match("wlan(%d+)-"..apup.PEER_SUFFIX().."(%d+)$")
   307 			if iface then
       			-- Add the matched interface to the table
*****0 				table.insert(ifaces, line)
       			end
       		end
       	end
    38 	return ifaces
       end

   356 function wireless.get_radio_ifaces(radio)
    35 	local uci = config.get_uci_cursor()
    35 	local ifaces = {}

    70 	uci:foreach("wireless", "wifi-iface", function(entry)
    15 			if entry.disabled ~= '1' and entry.device == radio then
    15 				table.insert(ifaces, entry)
       			end
       		end)
    35 	return ifaces
       end

   356 function wireless.calcIfname(radioName, mode, nameSuffix)
   105 	local phyIndex = tostring(utils.indexFromName(radioName))
   105 	return "wlan"..phyIndex..wireless.WIFI_MODE_SEPARATOR()..mode..nameSuffix
       end

   356 function wireless.createBaseWirelessIface(radio, mode, nameSuffix, extras)
       --! checks("table", "string", "?string", "?table")
       --! checks(...) come from http://lua-users.org/wiki/LuaTypeChecking -> https://github.com/fab13n/checks
   105 	nameSuffix = nameSuffix or ""
   105 	local radioName = radio[".name"]
   105 	local ifname = wireless.calcIfname(radioName, mode, nameSuffix)
       	--! sanitize generated ifname for constructing uci section name
       	--! because only alphanumeric and underscores are allowed
   105 	local wirelessInterfaceName = wireless.limeIfNamePrefix..ifname:gsub("[^%w_]", "_").."_"..radioName
   105 	local networkInterfaceName = network.limeIfNamePrefix..ifname:gsub("[^%w_]", "_")

   105 	local uci = config.get_uci_cursor()

   105 	uci:set("wireless", wirelessInterfaceName, "wifi-iface")
   105 	uci:set("wireless", wirelessInterfaceName, "mode", mode)
   105 	uci:set("wireless", wirelessInterfaceName, "device", radioName)
   105 	uci:set("wireless", wirelessInterfaceName, "ifname", ifname)
   105 	uci:set("wireless", wirelessInterfaceName, "network", networkInterfaceName)

   105 	if extras then
   285 		for key, value in pairs(extras) do
   180 			uci:set("wireless", wirelessInterfaceName, key, value)
       		end
       	end

   105 	uci:save("wireless")

   105 	return uci:get_all("wireless", wirelessInterfaceName)
       end

   356 function wireless.resolve_ssid(ssid)
    90 	local result = utils.applyHostnameTemplate(ssid)
    90 	result = utils.applyMacTemplate16(result, network.primary_mac())
    90 	result = string.sub(result, 1, 32)
    90 	return result
       end

   356 function wireless.configure()
    55 	local specificRadios = {}
   110 	config.foreach("wifi", function(radio)
    20 		specificRadios[radio[".name"]] = radio
       	end)

    55 	local allRadios = wireless.scandevices()
   130 	for _,radio in pairs(allRadios) do
    75 		local radioName = radio[".name"]
    75 		local radioBand = wireless.is5Ghz(radioName) and '5ghz' or '2ghz'
    75 		local radioOptions = specificRadios[radioName] or {}
    75 		local bandOptions = config.get_all(radioBand) or {}
    75 		local options = config.get_all("wifi")
       		
    75 		options = utils.tableMelt(options, bandOptions)
    75 		options = utils.tableMelt(options, radioOptions)

       		--! If manual mode is used toghether with other modes it results in an
       		--! unpredictable behaviour
    75 		if options["modes"][1] ~= "manual" then
       			--! fallback to "auto" in client mode
       			local channel
    75 			if options["modes"][1] ~= "client" then
    65 				channel = options["channel"]
    65 				if type(channel) == "table" then
    30 					channel = channel[1 + radio.per_band_index % #channel]
       				end
       			else
    10 				channel = options["channel"] or "auto"
       			end

    75 			local uci = config.get_uci_cursor()
    75 			uci:set("wireless", radioName, "disabled", 0)
    75 			uci:set("wireless", radioName, "distance", options["distance"])
    75 			uci:set("wireless", radioName, "noscan", 1)
    75 			uci:set("wireless", radioName, "channel", channel)
    75 			if options["country"] then uci:set("wireless", radioName, "country", options["country"]) end
    75 			if options["legacy_rates"] and not wireless.is5Ghz(radioName) then uci:set("wireless", radioName, "legacy_rates", options["legacy_rates"]) end
    75 			if options["txpower"] then uci:set("wireless", radioName, "txpower", options["txpower"]) end
    75 			if options["htmode"] then uci:set("wireless", radioName, "htmode", options["htmode"]) end
    75 			uci:save("wireless")

   180 			for _,modeName in pairs(options["modes"]) do
   105 				local args = {}
   105 				local mode = require("lime.mode."..modeName)

       				-- gather mode specific configs (eg ieee80211s_mcast_rate_5ghz)
  1355 				for key,value in pairs(options) do
  1250 					local keyPrefix = utils.split(key, "_")[1]
  1250 					local isGoodOption = ( (key ~= "modes")
  1145 					                and (not key:match("^%."))
  1145 					                and (not key:match("channel"))
   810 					                and (not key:match("country"))
   715 					                and (not key:match("legacy_rates"))
   695 					                and (not key:match("txpower"))
   695 					                and (not key:match("htmode"))
   675 					                and (not key:match("distance"))
   630 					                and (not key:match("unstuck_interval"))
   525 					                and (not key:match("unstuck_timeout"))
  1250 					                and (not (wireless.isMode(keyPrefix) and keyPrefix ~= modeName)))
  1250 					if isGoodOption then
   150 						local nk = key:gsub("^"..modeName.."_", "")
   150 						if nk == "ssid" then
    40 							value = wireless.resolve_ssid(value)
       						end
   150 						args[nk] = value
       					end
       				end

   105 				mode.setup_radio(radio, args)
       			end
       		end
       	end
       end

   356 function wireless.get_band_config(band)
    60 	local general_cfg = config.get_all("wifi") or {}
    60 	local band_cfg = config.get_all(band) or {}
    60 	local result = general_cfg
    60 	utils.tableMelt(result, band_cfg)
    60 	return result
       end

   356 function wireless.get_community_band_config(band)
    25 	local uci = config.get_uci_cursor()
    25 	local default_general_cfg = uci:get_all(config.UCI_DEFAULTS_NAME, "wifi") or {}
    25 	local default_band_cfg = uci:get_all(config.UCI_DEFAULTS_NAME, band) or {}
    25 	local community_general_cfg = uci:get_all(config.UCI_COMMUNITY_NAME, "wifi") or {}
    25 	local community_band_cfg = uci:get_all(config.UCI_COMMUNITY_NAME, band) or {}
    25 	local result = default_general_cfg
    25 	utils.tableMelt(result, default_band_cfg)
    25 	utils.tableMelt(result, community_general_cfg)
    25 	utils.tableMelt(result, community_band_cfg)
    25 	return result
       end

   356 function wireless.add_band_mode(band, mode_name)
     5 	local uci = config.get_uci_cursor()
     5 	local cfg = wireless.get_band_config(band)
     5 	if not utils.has_value(cfg.modes, mode_name) then
     5 		local modes = uci:get(config.UCI_NODE_NAME, band, 'modes')
     5 		if not modes or modes[1] == 'manual' then
     5 			modes = { mode_name }
       		else
*****0 			table.insert(modes, mode_name)
       		end
     5 		uci:set(config.UCI_NODE_NAME, band, 'lime-wifi-band')
     5 		uci:set(config.UCI_NODE_NAME, band, 'modes', modes)
     5 		uci:commit(config.UCI_NODE_NAME)
     5 		utils.unsafe_shell('lime-config')
       	end
       end

   356 function wireless.remove_band_mode(band, mode_name)
     5 	local uci = config.get_uci_cursor()
     5 	local cfg = wireless.get_band_config(band)
     5 	if utils.has_value(cfg.modes, mode_name) then
     5 		local new_modes = {}
    15 		for _, mode in pairs(cfg.modes) do
    10 			if mode ~= mode_name then
     5 				table.insert(new_modes, mode)
       			end
       		end
     5 		if utils.tableLength(new_modes) == 0 then
*****0 			new_modes = {'manual'}
       		end
     5 		uci:set(config.UCI_NODE_NAME, band, 'lime-wifi-band')
     5 		uci:set(config.UCI_NODE_NAME, band, 'modes', new_modes)
     5 		uci:commit(config.UCI_NODE_NAME)
     5 		utils.unsafe_shell('lime-config')
       	end
       end

   356 function wireless.set_band_config(band, cfg)
    10 	local uci = config.get_uci_cursor()
    10 	uci:set(config.UCI_NODE_NAME, band, 'lime-wifi-band')
    25 	for key, value in pairs(cfg) do
    15 		uci:set(config.UCI_NODE_NAME, band, key, value)
       	end
    10 	uci:commit(config.UCI_NODE_NAME)
    10 	utils.unsafe_shell('lime-config')
       end

   178 return wireless

==============================================================================
packages/pirania/files/usr/lib/lua/portal/portal.lua
==============================================================================
    50 local utils = require('lime.utils')
    50 local config = require('lime.config')
    50 local shared_state = require("shared-state")
    50 local read_for_access = require("read_for_access.read_for_access")

    50 local portal = {}

    50 portal.PAGE_CONTENT_OBJ_PATH = '/etc/pirania/portal.json'

    50 function portal.get_config()
   100     local uci = config.get_uci_cursor()
   100     local activated = uci:get("pirania", "base_config", "enabled") == '1'
   100     local with_vouchers = uci:get("pirania", "base_config", "with_vouchers") == '1'
   100     return {activated = activated, with_vouchers = with_vouchers}
       end

    50 function portal.set_config(activated, with_vouchers)
    30     local uci = config.get_uci_cursor()

    60     uci:set("pirania", "base_config", "with_vouchers",
    30             with_vouchers and "1" or "0")
    30     if activated then
    10         uci:set("pirania", "base_config", "enabled", "1")
    10         uci:commit("pirania")
    10         utils.unsafe_shell("captive-portal start")
           else
    20         uci:set("pirania", "base_config", "enabled", "0")
    20         uci:commit("pirania")
    20         utils.unsafe_shell("captive-portal stop")
           end
    30     return true
       end

    50 function portal.get_page_content()
    20     local db = shared_state.SharedStateMultiWriter:new('pirania_persistent'):get()
    20     if db.portal then
    10         return db.portal.data
           else
    10         return utils.read_obj_store(portal.PAGE_CONTENT_OBJ_PATH)
           end
       end


    50 function portal.set_page_content(title, main_text, logo, link_title, link_url, background_color)
    10     local data = {title=title, main_text=main_text, logo=logo, link_title=link_title, link_url=link_url, background_color=background_color}
    10     local db = shared_state.SharedStateMultiWriter:new('pirania_persistent')
    10     return db:insert({portal=data})
       end

    50 function portal.get_authorized_macs()
*****0     local auth_macs = {}
*****0     local with_vouchers = portal.get_config().with_vouchers
*****0     if with_vouchers then
*****0         local vouchera = require("voucher.vouchera")
*****0         vouchera.init()
*****0         auth_macs = vouchera.get_authorized_macs()
           else
*****0         auth_macs = read_for_access.get_authorized_macs()
           end
*****0     return auth_macs
       end

    50 function portal.update_captive_portal(daemonized)
*****0     if daemonized then
*****0         utils.execute_daemonized('captive-portal update')
           else
*****0         os.execute('captive-portal update')
           end
       end

    50 return portal

==============================================================================
packages/pirania/files/usr/lib/lua/read_for_access/cgi_handlers.lua
==============================================================================
    10 local utils = require('voucher.utils')
    10 local read_for_access = require('read_for_access.read_for_access')
    10 local portal = require('portal.portal')
    10 local config = require('lime.config')

    10 local handlers = {}

    10 function handlers.authorize_mac()
    40     local uci = config.get_uci_cursor()
    40     local with_vouchers = portal.get_config().with_vouchers
    40     if with_vouchers then
    10         return uci:get("pirania", "base_config", "url_auth")
           end
    30     local client_data = utils.getIpv4AndMac(os.getenv('REMOTE_ADDR'))
    30     read_for_access.authorize_mac(client_data.mac)
    30     local params = utils.urldecode_params(os.getenv("QUERY_STRING"))
    30     local url_prev = utils.urldecode(params['prev'])
    30     local url_authenticated = uci:get("pirania", "base_config", "url_authenticated")
    30     return url_prev or url_authenticated
       end

    10 return handlers

==============================================================================
packages/pirania/files/usr/lib/lua/read_for_access/read_for_access.lua
==============================================================================
    60 local fs = require('nixio.fs')
    60 local utils = require('lime.utils')
    60 local config = require('lime.config')

    60 local read_for_access = {}

    60 function uptime_s()
    70     return math.floor(utils.uptime_s())
       end

    60 function read_for_access.set_workdir(workdir)
    90     if not utils.file_exists(workdir) then
     1         os.execute('mkdir -p ' .. workdir)
           end
    90     if fs.stat(workdir, "type") ~= "dir" then
*****0         error("Can't configure workdir " .. workdir)
           end
    90     read_for_access.AUTH_MACS_FILE = workdir .. '/auth_macs'
       end

    60 read_for_access.set_workdir('/tmp/pirania/read_for_access')

    60 function read_for_access.authorize_mac(mac)
    40     local uci = config.get_uci_cursor()
    40     local found = false
    40     if utils.file_exists(read_for_access.AUTH_MACS_FILE) then
    10         for line in io.lines(read_for_access.AUTH_MACS_FILE) do
    10             if line:match(mac) then
    10                 found = true
    10                 break
                   end
               end
           end
    40     local duration = uci:get("pirania", "read_for_access", "duration_m")
    40     local timestamp = uptime_s() + tonumber(duration) * 60
    40     if not found then
    30         local ofile = io.open(read_for_access.AUTH_MACS_FILE, 'a')
    30         ofile:write(mac .. ' ' .. timestamp .. '\n')
    30         ofile:close()
           else
    10         local content = utils.read_file(read_for_access.AUTH_MACS_FILE)
    10         content = content:gsub("(" .. mac .. ") %d+", "%1 " .. timestamp)
    10         utils.write_file(read_for_access.AUTH_MACS_FILE, content)
           end
    40     os.execute('/usr/bin/captive-portal update')
       end

    60 function read_for_access.get_authorized_macs()
    30     local result = {}
    30     local current_time = uptime_s()
    30     if not utils.file_exists(read_for_access.AUTH_MACS_FILE) then
*****0         return result
           end
    60     for line in io.lines(read_for_access.AUTH_MACS_FILE) do
    30         local words = {}
    90         for w in line:gmatch("%S+") do table.insert(words, w) end
    30         if tonumber(words[2]) > current_time then
    20             table.insert(result, words[1])
               end
           end
    30     return result
       end

    60 return read_for_access

==============================================================================
packages/pirania/files/usr/lib/lua/voucher/cgi_handlers.lua
==============================================================================
    10 local vouchera = require('voucher.vouchera')
    10 local utils = require('voucher.utils')

    10 handlers = {}

    10 local TESTING_URL_INFO = '/info'
    10 local TESTING_URL_FAIL = '/fail'
    10 local TESTING_URL_AUTHENTICATED = '/authenticated'


    20 function handlers.preactivate_voucher()
    70     local uci_cursor = require('uci').cursor()

           --! using defaults for testing as uci environment is not available
    70     local url_authenticated = uci_cursor:get("pirania", "base_config", "url_authenticated") or TESTING_URL_AUTHENTICATED
    70     local url_fail = uci_cursor:get("pirania", "base_config", "url_fail") or TESTING_URL_FAIL
    70     local url_info = uci_cursor:get("pirania", "base_config", "url_info") or TESTING_URL_INFO

    70     vouchera.init()

           local url

    70     local client_data = utils.getIpv4AndMac(os.getenv('REMOTE_ADDR'))
    70     local client_is_authorized = vouchera.is_mac_authorized(client_data.mac)

    70     if client_is_authorized then
    10         url = url_authenticated
           else
               local output
    60         local params = utils.urldecode_params(os.getenv("QUERY_STRING"))
    60         local code = params['voucher']
    60         local prevUrl = params['prev']
               --! if client does not have javascript then activate right away without going to the INFO portal
    60         if params['nojs'] == 'true' then
*****0             if vouchera.activate(code, client_data.mac) then
*****0                 url = url_authenticated
                   else
*****0                 url = url_fail
                   end
               else
    60             local setParams = prevUrl and '?voucher=' .. code .. '&prev=' .. prevUrl or '?voucher=' .. code
                   --! redirect to the INFO portal for some seconds with the url params already set to activate
                   --! the voucher after this time
    60             if vouchera.is_activable(code) then
    20                 url = url_info .. setParams
                   else
    40                 url = url_fail .. (prevUrl and '?prev=' .. prevUrl or '')
                   end
               end
           end
    70     return url
       end

    20 function handlers.activate_voucher()
    30     local uci_cursor = require('uci').cursor()

    30     local url_authenticated = uci_cursor:get("pirania", "base_config", "url_authenticated") or TESTING_URL_AUTHENTICATED
    30     local url_fail = uci_cursor:get("pirania", "base_config", "url_fail") or TESTING_URL_FAIL

    30     vouchera.init()
    30     local client_data = utils.getIpv4AndMac(os.getenv('REMOTE_ADDR'))
    30     local client_is_authorized = vouchera.is_mac_authorized(client_data.mac)

    30     local params = utils.urldecode_params(os.getenv("QUERY_STRING"))
    30     local code = params['voucher']
    30     local prevUrl = params['prev']

    30     if client_is_authorized then
    10         return url_authenticated
           end

    20     local url = url_fail .. (prevUrl and '?prev=' .. prevUrl or '')

    20     if code and client_data.mac then
    10         if vouchera.activate(code, client_data.mac) then
    10             if prevUrl ~= nil then
    10                 url = prevUrl
                   else
*****0                 url = url_authenticated
                   end
               end
           end
    20     return url
       end

    10 return handlers

==============================================================================
packages/pirania/files/usr/lib/lua/voucher/config.lua
==============================================================================
    30 local uci = require("uci")
    30 local pirania_config = 'pirania'

    30 local ucicursor = uci.cursor()

    30 local config = {
    30     db_path = ucicursor:get(pirania_config, 'base_config', 'db_path'),
    30     hooksDir = ucicursor:get(pirania_config, 'base_config', 'hooks_path'),
    30     prune_expired_for_days = ucicursor:get(pirania_config, 'base_config', 'prune_expired_for_days')
       }

    30 return config

==============================================================================
packages/pirania/files/usr/lib/lua/voucher/hooks.lua
==============================================================================
       #!/usr/bin/lua

    30 local config = require('voucher.config')
    30 local fs = require("nixio.fs")

    30 local hooks = {}


    30 function hooks.run(action)
*****0     local hookPath = config.hooksDir..action..'/'
*****0     local files = fs.dir(hookPath)
*****0     if files then
*****0         for file in files do
*****0             os.execute("(( sh "..hookPath..file.." 0<&- &>/dev/null &) &)")
               end
           end
       end

    30 if debug.getinfo(2).name == nil then
*****0     local arguments = { ... }
*****0     if (arguments ~= nil and arguments[1] ~= nil) then
*****0         hooks.run(arguments[1])
           end
       end

    30 return hooks

==============================================================================
packages/pirania/files/usr/lib/lua/voucher/store.lua
==============================================================================
       #!/bin/lua

    30 local fs = require("nixio.fs")
    30 local json = require("luci.jsonc")
    30 local hooks = require('voucher.hooks')
    30 local utils = require("voucher.utils")

    30 local store = {}

    30 function store.load_db(db_path, voucher_init)
   610     local vouchers = {}

   610     local f = io.open(db_path, "r")
   610     if f ~= nil then
   480         io.close(f)
           else
   130         os.execute("mkdir -p " .. db_path)
           end

   810     for fname in fs.glob(db_path .. '/*.json') do
   200         local f = io.open(fname, "r")
   200         if f ~= nil then
   200             local json_obj = json.parse(f:read("*all"))
   200             f:close()
                   local voucher, err
   200             if json_obj then
   190                 voucher, err = voucher_init(json_obj)
                   else
    10                 err = "invalid json"
                   end

   200             if voucher ~= nil then
   190                 if vouchers[voucher.id] ~= nil then
*****0                     utils.log('warning', "vouchers: multiple vouchers with the same id " .. voucher.id)
                       end
   190                 vouchers[voucher.id] = voucher
                   else
    10                 utils.log('warning', "vouchers: Error loading voucher file " .. fname .. ", " .. err)
                   end
               end
           end
   610     return vouchers
       end

    30 function store.add_voucher(db_path, voucher, voucher_init)
   750     local fname = db_path .. "/" .. voucher.id .. ".json"
           --! check if it already exists and if it is equal do not rewrite it
   750     local f = io.open(fname, "r")
   750     if f ~= nil then
   250         local json_obj = json.parse(f:read("*all"))
   250         f:close()
   250         local local_voucher = voucher_init(json_obj)
   250         if local_voucher == voucher then
*****0             return false
               end
           end
   750     f = io.open(fname, "w")
   750     f:write(json.stringify(voucher))
   750     f:close()
   750     return true
       end

    30 function store.remove_voucher(db_path, voucher)
    20     local fname = db_path .. "/" .. voucher.id .. ".json"
    20     local removed_db = io.open(db_path .. "/removed.txt", "a")
    20     if removed_db then
    20         removed_db:write(voucher.id .. ",")
    20         removed_db:close()
           end
    20     local removed = os.execute("rm " .. fname) == 0
    20     return removed
       end

    30 return store

==============================================================================
packages/pirania/files/usr/lib/lua/voucher/utils.lua
==============================================================================
       #!/bin/lua
    40 local nixio = require('nixio')
    40 local lhttp = require('lucihttp')

    40 local utils = {}

    40 function utils.log(...)
    10     nixio.syslog(...)
       end

       local function checkIfIpv4(ip)
    70     if ip == nil or type(ip) ~= "string" then
*****0         return 0
           end
           -- check for format 1.11.111.111 for ipv4
    70     local chunks = {ip:match("(%d+)%.(%d+)%.(%d+)%.(%d+)")}
    70     if (#chunks == 4) then
   350         for _,v in pairs(chunks) do
   280             if (tonumber(v) < 0 or tonumber(v) > 255) then
*****0                 return 0
                   end
               end
    70         return true
           else
*****0         return false
           end
       end

       --! get ipv4 and MAC from a ip_address that could be ipv4 or ipv6
    40 function utils.getIpv4AndMac(ip_address)
    70     local isIpv4 = checkIfIpv4(ip_address)
    70     if (isIpv4) then
    70         local ipv4macCommand = "cat /proc/net/arp | grep "..ip_address.." | awk -F ' ' '{print $4}' | head -n 1"
    70         fd = io.popen(ipv4macCommand, 'r')
    70         ipv4mac = fd:read('*l')
    70         fd:close()
    70         local res = {}
    70         res.ip = ip_address
    70         res.mac = ipv4mac
    70         return res
           else
*****0         local ipv6macCommand = "ip neigh | grep "..ip_address.." | awk -F ' ' '{print $5}' | head -n 1"
*****0         fd6 = io.popen(ipv6macCommand, 'r')
*****0         ipv6mac = fd6:read('*l')
*****0         fd6:close()
*****0         local ipv4cCommand = "cat /proc/net/arp | grep "..ipv6mac.." | awk -F ' ' '{print $1}' | head -n 1"
*****0         fd4 = io.popen(ipv4cCommand, 'r')
*****0         ipv4 = fd4:read('*l')
*****0         fd4:close()
*****0         local res = {}
*****0         res.ip = ipv4
*****0         res.mac = ipv6mac
*****0         return res
           end
       end

       --! from given url or string. Returns a table with urldecoded values.
       --! Simple parameters are stored as string values associated with the parameter
       --! name within the table. Parameters with multiple values are stored as array
       --! containing the corresponding values.
    40 function utils.urldecode_params(url, tbl)
           local parser, name
   120     local params = tbl or { }

   240     parser = lhttp.urlencoded_parser(function (what, buffer, length)
   440         if what == parser.TUPLE then
   160             name, value = nil, nil
   280         elseif what == parser.NAME then
   140             name = lhttp.urldecode(buffer)
   140         elseif what == parser.VALUE and name then
   140             params[name] = lhttp.urldecode(buffer) or ""
               end

   440         return true
           end)

   120     if parser then
   120         parser:parse((url or ""):match("[^?]*$"))
   120         parser:parse(nil)
           end

   120     return params
       end

    40 function utils.urlencode(value)
    70     if value ~= nil then
    70         local str = tostring(value)
    70         return lhttp.urlencode(str, lhttp.ENCODE_IF_NEEDED + lhttp.ENCODE_FULL) or str
           end
*****0     return nil
       end

    40 function utils.urldecode(value)
    30     if value ~= nil then
    10         local str = tostring(value)
    10         return lhttp.urldecode(str, lhttp.DECODE_IF_NEEDED) or str
           end
    20     return nil
       end

    40 return utils

==============================================================================
packages/pirania/files/usr/lib/lua/voucher/vouchera.lua
==============================================================================
       #!/bin/lua

    30 local store = require('voucher.store')
    30 local config = require('voucher.config')
    30 local utils = require('lime.utils')
    30 local portal = require('portal.portal')
    30 local hooks = require('voucher.hooks')
    30 local vouchera = {}

    30 vouchera.ID_SIZE = 6
    30 vouchera.CODE_SIZE = 6

       --! Simplify the comparison of vouchers using a metatable for the == operator
    30 local voucher_metatable = {
           __eq = function(self, value)
   340         return self.tostring() == value.tostring()
           end
       }

       --! obj attrs id, name, code, mac, duration_m, mod_counter, creation_date, activation_date
    30 function voucher_init(obj)
  1060     local voucher = {}

  1060     if not obj.id then
   390         obj.id = utils.random_string(vouchera.ID_SIZE)
           end

  1060     voucher.id = obj.id
  1060     if type(obj.id) ~= "string" then
*****0         return nil, "id must be a string"
           end

  1060     if type(obj.name) ~= "string" then
*****0         return nil, "name must be a string"
           end
  1060     voucher.name = obj.name

  1060     if type(obj.code) ~= "string" then
*****0         return nil, "code must be a string"
           end
  1060     voucher.code = obj.code

  1060     if type(obj.mac) == "string" and #obj.mac ~= 17 then
*****0         return nil, "invalid mac"
           end
  1060     voucher.mac = obj.mac


  1060     if not (type(obj.duration_m) == "nil" or type(obj.duration_m) == "number") then
*****0         return nil, "invalid duration_m type"
           end
  1060     voucher.duration_m = obj.duration_m -- use nil to create a permanent voucher

  1060     if not obj.creation_date then
*****0         return nil, "creation_date can't be nil"
           end

  1060     voucher.author_node = obj.author_node

  1060     voucher.creation_date = obj.creation_date

  1060     voucher.activation_date = obj.activation_date

  1060     if not (type(obj.activation_deadline) == "nil" or type(obj.activation_deadline) == "number") then
*****0         return nil, "invalid activation_deadline type", type(obj.activation_deadline)
           end
  1060     voucher.activation_deadline = obj.activation_deadline

  1060     voucher.invalidation_date = obj.invalidation_date

  1060     voucher.mod_counter = obj.mod_counter or 1

           --! tostring must reflect all the state of a voucher (so vouchers can be compared reliably using tostring)
           voucher.tostring = function()
   680         local v = voucher
   680         local creation = os.date("%c", v.creation_date)
   680         local expiration = '           -            '
   680         if v.expiration_date() then
   190             expiration = os.date("%c", v.expiration_date())
               end
  1360         return(string.format('%s\t%s\t%s\t%s\t%s\t%s\t%s\t%s', v.id, v.name, v.code, v.mac or 'xx:xx:xx:xx:xx:xx',
  1360                              creation, v.duration_m or 'perm', expiration, v.mod_counter))
           end

           voucher.expiration_date = function()
               local ret = nil
  1930         if voucher.duration_m and voucher.mac and voucher.activation_date then
   770             ret = voucher.activation_date + voucher.duration_m * 60
               end
  1930         return ret
           end

           voucher.is_active = function()
   410         if voucher.is_invalidated() or voucher.mac == nil then
   280             return false
               else
   130             if voucher.expiration_date() and voucher.expiration_date() <= os.time() then
    20                 return false
                   end
               end
   110         return true
           end

           voucher.is_invalidated = function()
   770         return voucher.invalidation_date ~= nil
           end

           voucher.is_expired = function()
   350         local curr_time = os.time()
   350         return (voucher.expiration_date() ~= nil and voucher.expiration_date() < curr_time) or
   350                (voucher.activation_deadline ~= nil and voucher.activation_deadline < curr_time)
           end

           voucher.is_activable = function()
   220         return voucher.mac == nil and not voucher.is_invalidated() and not voucher.is_expired()
           end

           voucher.status = function()
   150         local status = 'available'
   150         if voucher.is_invalidated() then
    10             status = 'invalidated'
   140         elseif voucher.is_expired() then
    10             status = 'expired'
   130         elseif voucher.is_active() then
    10             status = 'active'
               end
   150         return status
           end

  1060     setmetatable(voucher, voucher_metatable)
  1060     return voucher
       end

    30 function vouchera.init(cfg)
   610     if cfg ~= nil then
*****0         config = cfg
           end
   610     vouchera.config = config
   610     vouchera.PRUNE_OLDER_THAN_S = tonumber(config.prune_expired_for_days) * 60 * 60 * 24
   610     vouchera.vouchers = store.load_db(config.db_path, voucher_init)

           --! Automatic voucher pruning
   800     for _, voucher in pairs(vouchera.vouchers) do
   190         if vouchera.should_be_pruned(voucher) then
    10             vouchera.remove_locally(voucher.id)
               end
           end
       end

    30 function vouchera.add(obj)
   500     if not obj.creation_date then
   480         obj.creation_date = os.time()
           end
   500     obj.author_node = utils.hostname()
   500     local voucher, errmsg = voucher_init(obj)
   500     if vouchera.vouchers[obj.id] ~= nil then
*****0         return nil, "voucher with same id already exists"
           end
   500     if voucher and store.add_voucher(config.db_path, voucher, voucher_init) then
   500         vouchera.vouchers[obj.id] = voucher
   500         return voucher
           end
*****0     return nil, "can't create voucher: " .. tostring(errmsg)
       end

    30 function vouchera.get_by_id(id)
   120     return vouchera.vouchers[id]
       end

    30 function vouchera.create(basename, qty, duration_m, activation_deadline)
    70     local vouchers = {}
   300     for n=1, qty do
               local name
   230         if qty == 1 then
    10             name = basename
               else
   220             name = basename .. "-" .. tostring(n)
               end
   230         local v = {name=name, code=vouchera.gen_code(), duration_m=duration_m,
   230                    activation_deadline=activation_deadline}
   230         local voucher, msg = vouchera.add(v)
   230         if voucher == nil then
*****0             return nil, msg
               end
   230         table.insert(vouchers, n, {id=voucher.id, code=voucher.code})
           end
    70     portal.update_captive_portal(true)
    70     hooks.run('db_change')
    70     return vouchers
       end

       --! Remove a voucher from the local db. This won't trigger a remove in the shared db.
    30 function vouchera.remove_locally(id)
    30     if vouchera.vouchers[id] ~= nil then
    20         if store.remove_voucher(config.db_path, vouchera.vouchers[id]) then
    20             vouchera.vouchers[id] = nil
    20             return true
               else
*****0             return nil, "can't remove voucher"
               end
           end
    10     return nil, "can't find voucher to remove"
       end

       local function modify_voucher_with_func(id, func)
   270     local voucher = vouchera.vouchers[id]
   270     if voucher then
   250         func(voucher)
   250         voucher.mod_counter = voucher.mod_counter + 1
   250         return store.add_voucher(config.db_path, voucher, voucher_init)
           end
    20     return voucher
       end

       --! Remove a voucher from the shared db.
       --! This will eventualy prune the voucher in all the dbs after PRUNE_OLDER_THAN_S seconds.
       --! It is important to maintain the "removed" (invalidated) voucher in the shared db for some time
       --! so that all nodes (even nodes that are offline when this is executed) have time to update locally
       --! and eventualy prune the voucher.
    30 function vouchera.invalidate(id)
    90     local voucher = vouchera.vouchers[id]
    90     local is_active = voucher ~= nil and voucher.is_active()
           local function _update(v)
    70         v.invalidation_date = os.time()
           end
    90     voucher = modify_voucher_with_func(id, _update)
    90     if is_active then
    40         portal.update_captive_portal(true)
           end
    90     hooks.run('db_change')
    90     return voucher
       end

       --! Activate a voucher returning true or false depending on the status of the operation.
    30 function vouchera.activate(code, mac)
   180     local voucher = vouchera.is_activable(code)
   180     if voucher then
   150         function _update(v)
   150             v.mac = mac
   150             v.activation_date = os.time()
               end
   150         modify_voucher_with_func(voucher.id, _update)
   150         portal.update_captive_portal(false)
   150         hooks.run('db_change')
           end
   180     return voucher
       end

    30 function vouchera.deactivate(id)
           local function _update(v)
    10         v.mac = nil
           end
    10     return modify_voucher_with_func(id, _update)
       end

       --! updates the database with the new voucher information
    30 function vouchera.update_with(voucher)
*****0     vouchera.vouchers[voucher.id] = voucher
*****0     return store.add_voucher(config.db_path, voucher, voucher_init)
       end

       --! Return true if there is an activated voucher that grants a access to the specified MAC
    30 function vouchera.is_mac_authorized(mac)
   150     if mac ~= nil then
   110         for k, v in pairs(vouchera.vouchers) do
    70             if v.mac == mac and v.is_active() then
    40                 return true
                   end
               end
           end
   110     return false
       end

       --! Check if a code would be good to be activated but without activating it right away.
    30 function vouchera.is_activable(code)
   316     for _, v in pairs(vouchera.vouchers) do
   246         if v.code == code then
   220             if v.is_activable() then
   180                 return v
                   else
    40                 return false
                   end
               end
           end
    70     return false
       end

    30 function vouchera.should_be_pruned(voucher)
   270     local current_time = os.time()
   270     return (voucher.expiration_date() ~= nil and (
    70            voucher.expiration_date() <= (current_time - vouchera.PRUNE_OLDER_THAN_S))) or
   270            ((voucher.invalidation_date or false) and (voucher.invalidation_date <= (current_time - vouchera.PRUNE_OLDER_THAN_S)))
       end

    30 function vouchera.rename(id, new_name)
           local function _update(v)
    20         v.name = new_name
           end
    20     return modify_voucher_with_func(id, _update)
       end

    30 function vouchera.gen_code()
 13572     return utils.random_string(vouchera.CODE_SIZE, function (c) return c:match('%u') ~= nil end)
       end

    30 function vouchera.list()
    20     local vouchers = {}
   120     for k, v in pairs(vouchera.vouchers) do
   200         table.insert(vouchers, {
   100             id=v.id,
   100             name=v.name,
   100             code=v.code,
   100             mac=v.mac,
   100             duration_m=v.duration_m,
   100             creation_date=v.creation_date,
   100             activation_date=v.activation_date,
   100             expiration_date=v.expiration_date(),
   100             is_active=v.is_active(),
   100             permanent=not v.duration_m,
   100             activation_deadline=v.activation_deadline,
   100             author_node=v.author_node,
   100             status=v.status(),
                   })
           end
    20     return vouchers
       end

    30 function vouchera.get_authorized_macs()
*****0     local auth_macs = {} 
*****0     for _, voucher in pairs(vouchera.vouchers) do
*****0         if voucher.is_active() then
*****0             table.insert(auth_macs, voucher.mac)
               end
           end
*****0     return auth_macs
       end

    30 vouchera.voucher = voucher_init

    30 return vouchera

==============================================================================
packages/pirania/files/usr/libexec/rpcd/pirania
==============================================================================
       #!/usr/bin/env lua
       --[[
       Copyright 2018 Marcos Gutierrez <gmarcos87@gmail.com>
       Copyright 2021 Santiago Piccinini <spiccinini@altermundi.net>
       Licensed under the Apache License, Version 2.0 (the "License");
       you may not use this file except in compliance with the License.
       You may obtain a copy of the License at
           http://www.apache.org/licenses/LICENSE-3.0
       ]]--
   110 local ubus = require "ubus"
   110 local json = require 'luci.jsonc'
   110 local uci = require 'uci'
   110 local vouchera = require('voucher.vouchera')
   110 local utils = require('lime.utils')
   110 local config = require('lime.config')
   110 local portal = require('portal.portal')

   110 vouchera.init()

   110 local uci_cursor = config.get_uci_cursor()

   110 local conn = ubus.connect()
   110 if not conn then
*****0     error("Failed to connect to ubus")
       end

       local function get_portal_config()
    10     local portal_config = portal.get_config()
    10     portal_config.status = 'ok'
    10     return utils.printJson(portal_config)
       end

       local function set_portal_config(msg)
    20     local status, error_msg = portal.set_config(msg.activated, msg.with_vouchers)
    20     if not status then
    10         utils.printJson({ status = "error", message = error_msg })
           else
    10         utils.printJson({ status = "ok" })
           end
       end

       local function get_portal_page_content(msg)
*****0     utils.printJson(portal.get_page_content())
       end

       local function set_portal_page_content(msg)
    20     portal.set_page_content(
    10         msg.title,
    10         msg.main_text,
    10         msg.logo,
    10         msg.link_title,
    10         msg.link_url,
               msg.background_color
    10     )
    10     utils.printJson({ status = 'ok'})
       end

       local function show_url(msg)
*****0     utils.printJson({ status = 'ok', url = uci_cursor:get("pirania", "base_config", "portal_url") });
       end

       local function change_url(msg)
*****0     local url = msg.url
*****0     uci_cursor:set("pirania", "base_config", "portal_url", url)
*****0     uci_cursor:commit("pirania")
*****0     utils.printJson({status = 'ok', url = url});
       end


       local function add_vouchers(msg)
    40     local vouchers, errmsg = vouchera.create(msg.name, msg.qty, msg.duration_m,
    20                                              msg.activation_deadline, msg.permanent)
    20     if vouchers then
    20         return utils.printJson({ status = 'ok', vouchers = vouchers})
           else
*****0         return utils.printJson({ status = 'error', message = errmsg})
           end
       end

       local function rename(msg)
    10     local voucher = vouchera.rename(msg.id, msg.name)
    10     return utils.printJson({ status = voucher and 'ok' or 'error' })
       end

       local function invalidate(msg)
    20     local voucher = vouchera.invalidate(msg.id)
    20     return utils.printJson({ status = voucher and 'ok' or 'error' })
       end


       local function list_vouchers(msg)
    10     local vouchers = vouchera.list()
    10     return utils.printJson({ status = vouchers and 'ok' or 'error', vouchers = vouchers })
       end

   110 local methods = {
   110   get_portal_config = { no_params = 0 },
   110   set_portal_config = { activated = 'bool', with_vouchers = 'bool' },
   110   disable = { no_params = 0 },
   110   show_url = { no_params = 0 },
   110   change_url = { url = 'value' },
   110   add_vouchers = { name='str', qty='int', duration_m='int', activation_deadline='timestamp', permanent='bool'},
   110   list_vouchers = { no_params = 0 },
   110   rename = { id = 'str', name = 'str' },
   110   invalidate = { id = 'str' },
   110   get_portal_page_content = { no_params = 0 },
   110   set_portal_page_content = {
   110         title = 'value',
   110         main_text = 'value',
   110         logo = 'value',
   110         link_title = 'value',
   110         link_url = 'value',
   110         background_color = 'value'
   110     },
       }

   110 if arg[1] == 'list' then
    10     utils.printJson(methods)
       end

   110 if arg[1] == 'call' then
   100   local msg = utils.rpcd_readline()
   100   msg = json.parse(msg)
   100   if       arg[2] == 'get_portal_config'	then get_portal_config(msg)
    90   elseif   arg[2] == 'set_portal_config'	then set_portal_config(msg)
    70   elseif   arg[2] == 'disable'				then disable(msg)
    70   elseif   arg[2] == 'show_url'	            then show_url(msg)
    70   elseif   arg[2] == 'change_url'	        then change_url(msg)
    70   elseif   arg[2] == 'list_vouchers'	    then list_vouchers(msg)
    60   elseif   arg[2] == 'add_vouchers'	        then add_vouchers(msg)
    40   elseif   arg[2] == 'invalidate'	        then invalidate(msg)
    20   elseif   arg[2] == 'rename'	        then rename(msg)
    10   elseif   arg[2] == 'get_portal_page_content'    then get_portal_page_content(msg)
    10   elseif   arg[2] == 'set_portal_page_content'   then set_portal_page_content(msg)
*****0   else     utils.printJson({ error = "Method not found" })
         end
       end

==============================================================================
packages/pirania/files/www/pirania-redirect/redirect
==============================================================================
       #!/usr/bin/lua
    20 local utils = require('voucher.utils')
    20 local portal = require('portal.portal')
    20 local config = require('lime.config')


    20 local uci_cursor = config.get_uci_cursor()

    20 function handle_request (env)
    20   local method = 'http://'
    20   local origin_url = utils.urlencode(method .. env.HTTP_HOST .. env.REQUEST_URI)
    20   local portal_domain = uci_cursor:get("pirania", "base_config", "portal_domain")
    20   local with_vouchers = portal.get_config().with_vouchers
    20   local redirect_path = ''
    20   if with_vouchers then
    10     redirect_path = uci_cursor:get("pirania", "base_config", "url_auth")
         else
    10     redirect_path = uci_cursor:get("pirania", "read_for_access", "url_portal")
         end
    20   local redirect_url = method .. portal_domain .. redirect_path .. "?prev=" .. origin_url
         
    20   uhttpd.send("Status: 302 \r\n")
    20   uhttpd.send("Location: " .. redirect_url .. "\r\n")
    20   uhttpd.send("\r\n") --! indicate uhttpd to send the response
       end

==============================================================================
packages/safe-upgrade/files/usr/sbin/safe-upgrade
==============================================================================
       #!/usr/bin/lua
       --[[
           Copyright (C) 2019-2020 Santiago Piccinini <spiccinini@altermundi.net>

           This program is free software: you can redistribute it and/or modify
           it under the terms of the GNU General Public License as published by
           the Free Software Foundation, either version 3 of the License, or
           (at your option) any later version.

           This program is distributed in the hope that it will be useful,
           but WITHOUT ANY WARRANTY; without even the implied warranty of
           MERCHANTABILITY or FITNESS FOR A PARTICULAR PURPOSE.  See the
           GNU General Public License for more details.

           You should have received a copy of the GNU General Public License
           along with this program.  If not, see <https://www.gnu.org/licenses/>.
       ]]--

    13 local io = require "io"
    13 local json = require "luci.jsonc"
    13 local utils = require "lime.utils"

    13 local su = {}

    13 su.version = '1.0'
    13 local firmware_size_bytes = 7936*1024
       -- Keep the fw addresses as strings beacause of https://gitlab.com/librerouter/librerouteros/-/issues/61
    13 local fw1_addr = '0x9f050000'
    13 local fw2_addr = '0x9f810000' -- fw1_addr + firmware_size_bytes

    13 su._supported_devices = {'librerouter-v1'}
    13 su._mtd_partitions_desc = '/proc/mtd'

       -- safe upgrade script, generated with bootscript.py, DO NOT edit here!
    13 local bootcmd = 'run preboot; boot_part=${stable_part}; if test ${testing_part} -ne 0; then echo Testing part ${testing_part}; boot_part=${testing_part}; set testing_part 0; saveenv; fi; if test ${boot_part} -eq 2; then fw_addr=${fw2_addr}; run boot_2; else fw_addr=${fw1_addr}; run boot_1; fi; run boot_1; bootm ${fw1_addr};'

    13 su.STABLE_PARTITION_NAME = 'stable_part'
    13 su.TESTING_PARTITION_NAME = 'testing_part'

    13 su.EXIT_ERROR_OK = 0
    13 su.EXIT_STATUS_INVALID_FIRMWARE = 111
    13 su.EXIT_STATUS_ALREADY_CONFIRMED = 113
    13 su.EXIT_STATUS_FW_ENV_NOT_FOUND = 115
    13 su.EXIT_STATUS_BOARD_NOT_SUPPORTED = 198
    13 su.EXIT_STATUS_NOT_INSTALLED = 199
    13 su.EXIT_STATUS_INSTALL_FROM_PART2 = 120
    13 su.EXIT_STATUS_ALREADY_INSTALLED = 121
    13 su.REBOOT_FILE_CONFIG_TIMEOUT_S = "/etc/safe_upgrade_auto_reboot_confirm_timeout_s"

       local safe_upgrade_auto_reboot_script = [[#!/bin/sh /etc/rc.common

       REBOOT_FILE_CONFIG_TIMEOUT_S="/etc/safe_upgrade_auto_reboot_confirm_timeout_s"
       MINIMUM_REBOOT_TIMEOUT_S=60
       PIDFILE="/var/run/safe_upgrade_auto_reboot_script.pid"
       CMD_FORCE_REBOOT="echo b > /proc/sysrq-trigger" # Immediately reboot the system without syncing or unmounting disks.

       START=11

       start() {
         if [ -s "$REBOOT_FILE_CONFIG_TIMEOUT_S" ]; then
             read reboot_at_uptime_s < "$REBOOT_FILE_CONFIG_TIMEOUT_S"
         else
             exit 0
         fi

         # check that the reboot time is above the minimum to prevent infinite reboots
         if [ "$reboot_at_uptime_s" -lt "$MINIMUM_REBOOT_TIMEOUT_S" ]; then
             echo "safe-upgrade reboot: Less than minimum timeout! aborting"
             exit 0
         fi

         (sleep "$reboot_at_uptime_s" && \
          if [ -s "$REBOOT_FILE_CONFIG_TIMEOUT_S" ]; then
              reboot ; sleep 10 ; eval "$CMD_FORCE_REBOOT"
          fi
          ) &

         echo $! > "$PIDFILE"
       }

       stop() {
         rm "$REBOOT_FILE_CONFIG_TIMEOUT_S"
         sync
         kill -9 `cat "$PIDFILE"`
       }
    13 ]]

    13 function su.get_uboot_env(key)
*****0     local value = utils.unsafe_shell("fw_printenv -n " .. key .. " 2>&1")

*****0     if value:find('## Error:') == nil then
               -- remove EOL
*****0         local value = value:sub(1, -2)
*****0         return value
           else
*****0         return nil
           end
       end

       local function set_uboot_env(key, value)
*****0     print("DEBUG: setting key:" .. key)
*****0     print("DEBUG: value:" .. value)
*****0     utils.unsafe_shell("fw_setenv " .. key .. " '" .. value .. "'")
       end

       local function fw_env_configured()
*****0     return utils.file_exists('/etc/fw_env.config')
       end

       local function assert_fw_env_configured()
*****0     if not fw_env_configured() then
*****0         print('/etc/fw_env.confg does not exist, aborting')
*****0         os.exit(su.EXIT_STATUS_FW_ENV_NOT_FOUND)
           end
       end

       local function get_current_cmdline()
*****0     return utils.read_file('/proc/cmdline')
       end

    13 function su.get_current_partition()
    20     local data = utils.read_file(su._mtd_partitions_desc)
    20     if data:find("fw2") == nil then
    10         return 2
           else
    10         return 1
           end
       end

    13 function su.get_partitions()
    20     local p = {}
    20     p.current = su.get_current_partition()
    20     if p.current == 1 then
    10         p.other = 2
           else
    10         p.other = 1
           end
    20     p.stable = tonumber(su.get_uboot_env(su.STABLE_PARTITION_NAME))
    20     p.testing = tonumber(su.get_uboot_env(su.TESTING_PARTITION_NAME))

    20     return p
       end

       local function get_su_version()
*****0     return su.get_uboot_env('su_version')
       end

       local function is_su_installed()
*****0     return get_su_version() ~= nil
       end

       local function set_testing_partition(partition)
*****0     set_uboot_env(su.TESTING_PARTITION_NAME, tostring(partition))
       end

       local function set_stable_partition(partition)
*****0     set_uboot_env(su.STABLE_PARTITION_NAME, tostring(partition))
       end

       local function assert_su_installed()
*****0     if not is_su_installed() then
*****0         print('safe-upgrade is not installed, aborting')
*****0         os.exit(su.EXIT_STATUS_NOT_INSTALLED)
           end
       end

       local function read_fw_metadata(path)
*****0     local handle = io.popen("fwtool -i - " .. path)
*****0     local metadata = json.parse(handle:read("*a"))
*****0     handle:close()
*****0     return metadata
       end

    13 function su.get_current_device()
*****0     return utils.read_file("/tmp/sysinfo/board_name"):gsub("\n","")
       end

    13 function su.get_supported_devices()
    80     return su._supported_devices
       end

    13 function su.is_current_board_supported()
    40     local current_device = su.get_current_device()
    90     for _, supported_device in pairs(su.get_supported_devices()) do
    70         if string.find(current_device, utils.literalize(supported_device)) then
    20             return true
               end
           end
    20     return false
       end

    13 function su.is_firmware_valid(metadata)
   120     local current_device = su.get_current_device()
   120     if metadata ~= nil then
   100         local fw_devices = metadata['supported_devices']
   100         if fw_devices ~= nil then
   140             for _, fw_device in pairs(fw_devices) do
   140                 for _, supported_device in pairs(su.get_supported_devices()) do
                           --! Check that the firmware is supported by safe upgrade
                           --! and that the current board is among the firmware devices
    80                     if string.find(fw_device, utils.literalize(supported_device)) and
    40                        string.find(fw_device, utils.literalize(current_device)) then
    20                         return true
                           end
                       end
                   end
               end
           end
   100     return false
       end

    13 function su.preserve_files_to_new_partition(args)
    30     os.execute("rm -rf /tmp/_to_sysupgradetgz/")
    30     os.execute("mkdir -p /tmp/_to_sysupgradetgz/etc/init.d/")
    30     os.execute("mkdir -p /tmp/_to_sysupgradetgz/etc/rc.d/")
    30     local f = io.open("/tmp/_to_sysupgradetgz/etc/init.d/safe_upgrade_auto_reboot", "w")
    30     f:write(safe_upgrade_auto_reboot_script)
    30     f:close()

    30     os.execute("chmod +x /tmp/_to_sysupgradetgz/etc/init.d/safe_upgrade_auto_reboot")
    30     os.execute("ln -s ../init.d/safe_upgrade_auto_reboot /tmp/_to_sysupgradetgz/etc/rc.d/S11safe_upgrade_auto_reboot")

    30     if not args.disable_reboot_safety then
    30         local f = io.open("/tmp/_to_sysupgradetgz/etc/safe_upgrade_auto_reboot_confirm_timeout_s", "w")
    30         f:write(args.reboot_safety_timeout)
    30         f:close()
           end

    30     if args.do_not_preserve_config then
    10         utils.log('Not preserving config.')
    20     elseif args.preserve_archive then
    10         utils.log('Preserving from archive')
    10         os.execute("tar xfz " .. args.preserve_archive .. " -C /tmp/_to_sysupgradetgz/")
           else
    10         utils.log('Preserving libremesh minimal config.')
    10         local files = ""
    30         for _, file_name in pairs(utils.keep_on_upgrade_files()) do
    20             if utils.file_exists(file_name) then
    10                 files = files .. " " .. file_name
                   end
               end
    10         if files ~= '' then
                   --! using an intermediate tar file for simplicity
    10             os.execute("tar cf /tmp/_safe_upgrade_intermadiate.tar " .. files .. " 2> /dev/null")
    10             os.execute("tar xf /tmp/_safe_upgrade_intermadiate.tar -C /tmp/_to_sysupgradetgz/")
               end
           end

    30     os.execute('find /tmp/_to_sysupgradetgz/ -type f -o -type l | sed "s|^\/tmp\/_to_sysupgradetgz\/||" | sort -u > /tmp/_to_persist')
    30     os.execute("tar cfz /tmp/sysupgrade.tgz -C /tmp/_to_sysupgradetgz/ -T /tmp/_to_persist 2>/dev/null")

    30     utils.log('List of files that are being preserved:')
    30     local file_list = {}
    30     local out = io.popen("tar tfz /tmp/sysupgrade.tgz")
   140     for line in out:lines() do
               --! skip directories
   110         if not utils.stringEnds(line, '/') then
   110             table.insert(file_list, line)
   110             utils.log('\t' .. line)
               end
           end
    30     out:close()
    30     return file_list
       end

       local function bootstrap(args)
*****0     if is_su_installed() then
*****0         if args.force then
*****0             print("Forcing the bootstrap.")
               else
*****0             print(string.format("safe-upgrade version '%s' is already installed, aborting",
*****0                                 get_su_version()))
*****0             os.exit(su.EXIT_STATUS_ALREADY_INSTALLED)
               end
           end


*****0     if su.get_current_partition() ~= 1 then
*****0         print("installing safe-upgrade from partition 2 is not supported yet")
*****0         os.exit(su.EXIT_STATUS_INSTALL_FROM_PART2)
           end

*****0     set_stable_partition(1)
*****0     set_testing_partition(0)
*****0     set_uboot_env('fw1_addr', fw1_addr)
*****0     set_uboot_env('fw2_addr', fw2_addr)

           -- configure cmdline using the current cmdline config to not force
           -- us to know here the correct cmdline bootargs of the running kernel
*****0     local boot_1 = 'set bootargs ' .. get_current_cmdline() .. '; echo booting part 1; bootm ${fw_addr};'
*****0     set_uboot_env('boot_1', boot_1)
*****0     set_uboot_env('su_version', su.version)

           -- installing the script. Everything must be installed before this!
*****0     set_uboot_env('bootcmd', bootcmd)
*****0     print('succesfully bootstraped safe-upgrade')
       end

       local function _verify(firmware)
*****0     local fw_metadata = read_fw_metadata(firmware)
*****0     local fw_valid = fw_metadata ~= nil and su.is_firmware_valid(fw_metadata)
*****0     return fw_valid
       end

       local function verify(args)
*****0     if _verify(args.firmware) then
*****0         os.exit(su.EXIT_STATUS_OK)
           else
*****0         print("Invalid firmware!")
*****0         os.exit(su.EXIT_STATUS_INVALID_FIRMWARE)
           end
       end

       local function upgrade(args)
*****0     assert_su_installed()
*****0     local partitions = su.get_partitions()

*****0     if not _verify(args.firmware) then
*****0         print("Invalid firmware!")
*****0         if args.force then
*****0             print("Forcing upgrade to continue as requested.")
               else
*****0             os.exit(su.EXIT_STATUS_INVALID_FIRMWARE)
               end
           end

*****0     su.preserve_files_to_new_partition(args)

           -- postpone 10m defarable-reboot
*****0     os.execute("awk '{print $1 + 600}' /proc/uptime > /tmp/deferrable-reboot.defer")

*****0     print(string.format("erasing partition %d", partitions.other))
*****0     os.execute(string.format("mtd erase fw%d", partitions.other))

           -- It is important that the mtd -j option to preserve a file is used
           -- with the file /tmp/sysupgrade.tgz because there are hooks in place
           -- to unpack this tar and install the files at boot
*****0     print(string.format("writing partition %d", partitions.other))
*****0     os.execute(string.format("mtd -j /tmp/sysupgrade.tgz write '%s' fw%d",
*****0                              args.firmware, partitions.other))

           -- TODO: load bootargs from acompaning image, here is hardcoded!!
*****0     local fw_mtd_str = ''
*****0     if partitions.other == 2 then
*****0         fw_mtd_str = '7936k(fw1),7936k(firmware)'
           else
*****0         fw_mtd_str = '7936k(firmware),7936k(fw2)'
           end
*****0     local boot_script_tpl = 'set bootargs console=ttyS0,115200 board=LIBREROUTERV1 mtdparts=spi0.0:256k(u-boot),64k(u-boot-env),%s,128k(res),64k(art); echo booting part %d; bootm ${fw_addr};'
*****0     local boot_script = string.format(boot_script_tpl, fw_mtd_str, partitions.other)
*****0     set_uboot_env(string.format('boot_%d', partitions.other), boot_script)
*****0     set_testing_partition(partitions.other)

*****0     if not args.no_reboot then
*****0         print("Rebooting into the new firmware. Do the confirm step if everything is ok.")
*****0         os.execute("reboot")
           end
       end

       local function confirm(args)
*****0     assert_su_installed()
*****0     local partitions = su.get_partitions()
*****0     if partitions.current == partitions.stable then
*****0         print(string.format('the current partition: %d is already the stable partition, aborting', partitions.current))
*****0         os.exit(su.EXIT_STATUS_ALREADY_CONFIRMED)
           end

*****0     print("Canceling and disabling automatic reboot")
*****0     os.execute("/etc/init.d/safe_upgrade_auto_reboot stop")
*****0     os.execute("/etc/init.d/safe_upgrade_auto_reboot disable")

*****0     set_stable_partition(partitions.current)
*****0     print(string.format('Confirmed partition %d as stable partition', partitions.current))
       end

       local function test_other_partition(args)
*****0     assert_su_installed()
*****0     local partitions = su.get_partitions()
*****0     set_testing_partition(partitions.other)
*****0     print(string.format('Next boot will run partition: %d. You may confirm it if you like after reboot.', partitions.other))
       end


       local function parse_args()
           local function validate_file_exists(filename)
*****0         if utils.file_exists(filename) then
*****0             return filename
               else
*****0             return nil, string.format("file %q does not exists", filename)
               end
           end

           local function validate_safety_timeout(value)
*****0         local timeout = tonumber(value)
*****0         if timeout == nil then
*****0             return nil, string.format("invalid --reboot-safety-timeout value: %q", value)
               end
*****0         if timeout < 60 then
*****0             return nil, string.format("--reboot-safety-timeout must be greater than 60 but was %q", timeout)
               end
*****0         return timeout
           end

*****0     local argparse = require 'argparse'
*****0     local parser = argparse('safe-upgrade', 'Safe upgrade mechanism for dual-boot systems')
*****0     parser:command_target('command')

*****0     parser:command('show', 'Show the status of the system partitions.')

*****0     local verify = parser:command('verify', 'Verify that the firmware is valid and can be installed.')
*****0     verify:argument("firmware", "firmware image (xxx-sysupgrade.bin)"):convert(validate_file_exists)

*****0     local upgrade = parser:command('upgrade', 'Upgrade firmware in a non permanent way.')
*****0     upgrade:argument("firmware", "firmware image (xxx-sysupgrade.bin)"):convert(validate_file_exists)
*****0     upgrade:flag("-n --do-not-preserve-config", "Do not save configuration to the new partition")
*****0     upgrade:flag("--disable-reboot-safety", "Disable the automatic reboot safety mechanism")
*****0     upgrade:flag("--force", "Upgrade even if firmware is not valid")
*****0     upgrade:flag("--no-reboot", "Do not reboot automatically after flashing")
*****0     upgrade:option("--preserve-archive", [[Specify the files to be preserved as a tar.gz (Like the sysupgrade -f).
*****0     To preserve a full config you may use sysupgrade --create-backup and use this .tar.gz.]])
*****0                    :convert(validate_file_exists)
*****0     upgrade:option("--reboot-safety-timeout",
*****0                    "Set the timeout (in seconds) of the automatic reboot safety mechanism")
*****0                    :default('600'):convert(validate_safety_timeout)

*****0     parser:command('confirm', ('Confirm the current partition. Use when after an upgrade ' ..
*****0                                'or after running "test-other-partition".'))

*****0     local bootstrap = parser:command('bootstrap', 'Install the safe-upgrade mechanism')
*****0     bootstrap:flag("--force", "Install even it is already installed.")
*****0     parser:command('test-other-partition', 'Mark the other partition as testing partition.')

*****0     parser:command('board-supported', 'Exits with 0 if board is supported')
*****0     parser:command('confirm-remaining', ('Return the remaining seconds to confirm until the ' ..
*****0                                          'automatic reboot is done or -1 if not in a confirmable state.'))

*****0     local args = parser:parse()


*****0     return args
       end

       -- detect if this module is run as a library or as a script
    13 if pcall(debug.getlocal, 4, 1) then
           -- Library mode
    13     return su
       else
           -- Main script mode

*****0     local args = parse_args()
*****0     assert_fw_env_configured()
*****0     if args.bootstrap then
*****0         bootstrap(args)
*****0     elseif args.upgrade then
*****0         upgrade(args)
*****0     elseif args.confirm then
*****0         confirm(args)
*****0     elseif args.verify then
*****0         verify(args)
*****0     elseif args['test-other-partition'] then
*****0         test_other_partition(args)
*****0     elseif args['board-supported'] then
*****0         if su.is_current_board_supported() then
*****0             os.exit(su.EXIT_STATUS_OK)
               else
*****0             print("This board is not supported")
*****0             os.exit(su.EXIT_STATUS_BOARD_NOT_SUPPORTED)
               end
*****0     elseif args['confirm-remaining'] then
*****0         local out = "-1"
*****0         local f = io.open(su.REBOOT_FILE_CONFIG_TIMEOUT_S)
*****0         if f then
*****0             local total_time_s = tonumber(f:read('*l'))
*****0             if total_time_s then
*****0                 out = string.format("%d", math.floor(total_time_s - utils.uptime_s()))
                   end
*****0             f:close()
               end
*****0         io.write(out)
*****0     elseif args.show then
*****0         assert_su_installed()
*****0         print('safe-upgrade version: ' .. get_su_version())
*****0         local partitions = su.get_partitions()
               --TODO show labels of partitions (maybe store them when flashing from a metadata file)
*****0         print(string.format('current partition: %d', partitions.current))
*****0         print(string.format('stable partition: %d', partitions.stable))
*****0         print(string.format('testing partition: %d', partitions.testing))
           end
       end

==============================================================================
packages/shared-state-babel_links_info/files/usr/share/shared-state/publishers/shared-state-publish_babel_links_info
==============================================================================
       #!/usr/bin/lua

       -- ! LibreMesh
       -- ! Copyright (c) 2023  Javier Jorge <jjorge@inti.gob.ar>
       -- ! Copyright (c) 2023  Instituto Nacional de Tecnología Industrial
       -- ! Copyright (C) 2023  Asociación Civil Altermundi <info@altermundi.net>
       -- !
       -- ! SPDX-License-Identifier: AGPL-3.0-only

    10 local utils = require('lime.utils')
    10 local ubus = require "ubus"
    10 local shared_state_links_info = require ("shared_state_links_info")

    10 local ifaceip = {}

    10 function get_interface_ip(ifname)
   220     if ifaceip[ifname] == nil then
   180         ifaceip[ifname] = string.gsub(utils.unsafe_shell("ip -6 address show "
    60                 .. ifname ..
    60                 " | awk '{if ($1 == \"inet6\") print $2}' | grep fe80 | awk -F/ '{print $1}'"),
   120             "\n", "")
           end
   220     return ifaceip[ifname]
       end

    10 function get_babel_links_info()
    20     local conn = ubus.connect()
    20     local links = {}
    20     babelneigt_obj = ubus.call(conn, "babeld", "get_neighbours", {})
    20     if babelneigt_obj ~= nil then
   100         for key, value in pairs(babelneigt_obj.IPv6) do
    80             local key_table = {(string.gsub(get_interface_ip(value.dev),":","")),(string.gsub(key,":",""))}
    80 		    table.sort(key_table)
    80 		    links[table.concat(key_table)]= {
    80                 src_ip = get_interface_ip(value.dev),
    80                 dst_ip = key,
    80                 iface = value.dev
    80             }
               end
           end
    20     return links
       end

    10 shared_state_links_info.insert_in_ss_with_location(get_babel_links_info(),"babel_links_info")

==============================================================================
packages/shared-state-bat_hosts/files/usr/lib/lua/bat-hosts.lua
==============================================================================
    26 local JSON = require("luci.jsonc")
    26 local utils = require("lime.utils")

    26 local bat_hosts = {}

    26 function bat_hosts.bathost_deserialize(hostname_plus_iface)
    50     local partial_hostname = hostname_plus_iface
           local iface
   300     for _, ifname in ipairs(utils.get_ifnames()) do
   250         local serialized_ifname = string.gsub(ifname, "%W", "_")
   250         serialized_ifname = utils.literalize(serialized_ifname)
   250         local replaced_hostname = hostname_plus_iface:gsub("_" .. serialized_ifname, "")
               -- hostname don't have underscores see utils.is_valid_hostname
   250         replaced_hostname = replaced_hostname:gsub("_", "-")
   250         if #replaced_hostname < #partial_hostname then
    60             partial_hostname = replaced_hostname
    60             iface = ifname
               end
           end
    50     return partial_hostname, iface
       end

    26 function bat_hosts.get_bat_hosts_from_shared_state()
*****0     return JSON.parse(
*****0         io.popen("shared-state-async get bat-hosts 2> /dev/null", "r"):read("*all"))
       end

    26 function bat_hosts.get_bathost(mac, outgoing_iface)
    70     local bathosts = bat_hosts.get_bat_hosts_from_shared_state()
    70     local bathost = bathosts[mac:lower()]
    70     if bathost == nil then return end
    50     local hostname, iface = bat_hosts.bathost_deserialize(bathost)
    50     return { hostname = hostname, iface = iface }
       end

    26 return bat_hosts

==============================================================================
packages/shared-state-bat_hosts/files/usr/libexec/rpcd/bat-hosts
==============================================================================
       #!/usr/bin/env lua
       --[[
         Copyright (C) 2013-2020 LibreMesh.org
         This is free software, licensed under the GNU AFFERO GENERAL PUBLIC LICENSE Version 3

         Copyright 2020 German Ferrero <germanferrero@altermundi.net>
       ]]--

    40 local ubus = require "ubus"
    40 local json = require 'luci.jsonc'
    40 local utils = require 'lime.utils'
    40 local bat_hosts = require 'bat-hosts'

    40 local conn = ubus.connect()
    40 if not conn then
*****0     error("Failed to connect to ubus")
       end

       local function get_bathost(msg)
    40     if not msg.mac or not utils.is_valid_mac(msg.mac) then
    10       utils.printJson({ status = "error", message = "invalid mac" })
    10       return
           end

    30     if msg.outgoing_iface and not utils.has_value(utils.get_ifnames(), msg.outgoing_iface) then
    10       utils.printJson({ status = "error", message = "invalid outgoing interface" })
    10       return
           end
    20     local bathost = bat_hosts.get_bathost(msg.mac, msg.outgoing_iface)
    20     local result = {}
    20     if bathost.hostname ~= nil then
    20       result.status = "ok"
    20       result.bathost = bathost
           else
*****0       result.status = "error"
*****0       result.error = "Couldn't retrieve hostname"
           end
    20     utils.printJson(result)
       end

    40 local methods = {
    40     get_bathost = { mac = 'value', outgoing_iface = 'value'}
       }

    40 if arg[1] == 'list' then
*****0     utils.printJson(methods)
       end

    40 if arg[1] == 'call' then
    40     local msg = utils.rpcd_readline() or '{}'
    40     msg = json.parse(msg)
    40     if  arg[2] == 'get_bathost' then get_bathost(msg)
*****0     else utils.printJson({ error = "Method not found" })
           end
       end

==============================================================================
packages/shared-state-bat_links_info/files/usr/share/shared-state/publishers/shared-state-publish_bat_links_info
==============================================================================
       #!/usr/bin/lua

       --! LibreMesh
       --! Copyright (C) 2023  Javier Jorge <jjorge@inti.gob.ar>
       --! Copyright (C) 2023  Asociación Civil Altermundi <info@altermundi.net>
       --!
       --! SPDX-License-Identifier: AGPL-3.0-only

    13 local JSON = require("luci.jsonc")
    13 local utils = require('lime.utils')
    13 local network = require ("lime.network")
    13 local shared_state_links_info = require ("shared_state_links_info")

    13 function get_bat_links_info()
    26 	local bat_neighbors_obj={}
    26 	local bat_originators_obj={}
    26 	local bat_originators = utils.unsafe_shell("batctl oj")
    26 	bat_originators_obj = JSON.parse(bat_originators)


    26 	local bat_neighbors = utils.unsafe_shell("batctl nj")
    26 	bat_neighbors = string.gsub(bat_neighbors,"neigh_address","dst_mac")
    26 	bat_neighbors = string.gsub(bat_neighbors,"hard_ifname","iface")
    26 	bat_neighbors_obj = JSON.parse(bat_neighbors)
    26 	local kv_fromlinks = {}
    26 	if bat_neighbors_obj then
   130 		for key,neight_value in pairs (bat_neighbors_obj) do
   104 			local macparts = network.get_mac(neight_value.iface)
   104 			local src_macaddr = table.concat(macparts,":")
   104 			neight_value.hard_ifindex=nil
   104 			neight_value.src_mac=string.lower(src_macaddr)
   104 			neight_value.dst_mac=string.lower(neight_value.dst_mac)
  1768 			for key,originator_value in pairs (bat_originators_obj) do
  1664 				if originator_value.hard_ifname == neight_value.iface and 
   832 				originator_value.neigh_address== originator_value.orig_address and  
   208 				originator_value.neigh_address== neight_value.dst_mac then
       					-- Batman "transmit link quality" (tq) is a byte that describes 
       					-- the probability of a successful transmission towards a
       					-- neighbor node
   104 					neight_value.tq = originator_value.tq
       				end
       			end
   104 			local key_table = {(string.gsub(neight_value.src_mac,":","")),(string.gsub(neight_value.dst_mac,":",""))}
   104 			table.sort(key_table)
   104 			kv_fromlinks[table.concat(key_table)]=neight_value
       		end
       	end
    26 	return kv_fromlinks
       end

    13 shared_state_links_info.insert_in_ss_with_location(get_bat_links_info(),"bat_links_info")

==============================================================================
packages/shared-state-network_nodes/files/usr/lib/lua/network-nodes.lua
==============================================================================
    10 local shared_state = require("shared-state")
    10 local utils = require("lime.utils")
    10 local config = require("lime.config")

    10 local network_nodes = {}

    10 function network_nodes._node(hostname, member, fw_version, board, ipv4, ipv6)
   260     return {hostname=hostname, member=member, fw_version=fw_version, board=board, ipv4=ipv4, ipv6=ipv6}
       end

    10 function network_nodes._serialize_for_network_nodes(node)
   100     return {hostname=node.hostname, member=node.member, fw_version=node.fw_version, board=node.board,
   100             ipv4=node.ipv4, ipv6=node.ipv6}
       end

    10 function network_nodes._deserialize_from_network_nodes(data)
   170     return network_nodes._node(data.hostname, data.member, data.fw_version, data.board, data.ipv4, data.ipv6)
       end

    10 function network_nodes._nodes_from_db(db)
    60     local nodes = {}
   220     for hostname, value in pairs(db:get()) do
   160         nodes[hostname] = network_nodes._deserialize_from_network_nodes(value.data)
           end
    60     return nodes
       end

    10 function network_nodes._create_node()
    20     local uci = config.get_uci_cursor()

    20     local hostname = utils.hostname()
    20     local fw_version = utils.release_info()['DISTRIB_RELEASE']
    20     local board = utils.current_board()
    20     local member = true
    20     local ipv4 = uci:get("network", "lan", "ipaddr")
    20     local ipv6 = uci:get("network", "lan", "ip6addr")
    20     if ipv6 then ipv6 = ipv6:gsub("/.*$", "") end -- remove the netmask info
    20     local node = network_nodes._node(hostname, member, fw_version, board, ipv4, ipv6)
    20     node.status = "recently_reachable"

    20     return node
       end

       --! Public API

    10 function network_nodes.get_nodes()
    40     local network_nodes_db = shared_state.SharedStateMultiWriter:new("network_nodes")
    40     local node_and_links_db = shared_state.SharedState:new("nodes_and_links")

    40     local nodes = {}
           -- augment the node information from the network_nodes and the 'nodes_and_links' dbs
   140     for hostname, node in pairs(network_nodes._nodes_from_db(network_nodes_db)) do
   100         if node_and_links_db:get()[hostname] then
    20             node.status = "recently_reachable"
    80         elseif node.member then
    60             node.status = "unreachable"
               else
    20             node.status = "gone"
               end
   100         nodes[hostname] = node
           end
    40     return nodes
       end

    10 function network_nodes.as_human_readable_table()
    10     local nodes = network_nodes.get_nodes()
    10     local tmpl = "%-26s %-16s %-30s %-20s %-30s %-40s\n"
    10     local out = string.format(tmpl, "hostname", "ipv4", "ipv6", "status", "board", "fw_version")
    40     for _, node in pairs(nodes) do
    30         if node.member then
    60             out = out .. string.format(tmpl, node.hostname, node.ipv4, node.ipv6, node.status,
    60                                        node.board, node.fw_version)
               end
           end
    10     return out
       end

    10 function network_nodes.publish()
    10     local node = network_nodes._create_node()
    10     local data = {
    10         [node.hostname] = network_nodes._serialize_for_network_nodes(node)
           }
    10     network_nodes_db = shared_state.SharedStateMultiWriter:new("network_nodes")
    10     network_nodes_db:insert(data)
       end

    10 function network_nodes.mark_nodes_as_gone(hostnames)
    10     local network_nodes_db = shared_state.SharedStateMultiWriter:new("network_nodes")
    10     local nodes = network_nodes._nodes_from_db(network_nodes_db)
    10     local data = {}
    30     for _, hostname in pairs(hostnames or {}) do
    20         local node = nodes[hostname]
    20         if node then
    20             node.member = false
    20             data[hostname] = network_nodes._serialize_for_network_nodes(node)
               end
           end
    10     network_nodes_db:insert(data)
       end

    10 return network_nodes

==============================================================================
packages/shared-state-node_info/files/usr/share/shared-state/publishers/shared-state-publish_node_info
==============================================================================
       #!/usr/bin/lua

       --! LibreMesh
       --! Copyright (C) 2023  Javier Jorge <jjorge@inti.gob.ar>
       --! Copyright (C) 2023  Asociación Civil Altermundi <info@altermundi.net>
       --!
       --! This program is free software: you can redistribute it and/or modify
       --! it under the terms of the GNU Affero General Public License as
       --! published by the Free Software Foundation, either version 3 of the
       --! License, or (at your option) any later version.
       --!
       --! This program is distributed in the hope that it will be useful,
       --! but WITHOUT ANY WARRANTY; without even the implied warranty of
       --! MERCHANTABILITY or FITNESS FOR A PARTICULAR PURPOSE.  See the
       --! GNU Affero General Public License for more details.
       --!
       --! You should have received a copy of the GNU Affero General Public License
       --! along with this program.  If not, see <http://www.gnu.org/licenses/>.

    10 local JSON = require("luci.jsonc")
    10 local network = require ("lime.network")
    10 local location = require("lime.location")
    10 local utils = require('lime.utils')
    10 local config = require("lime.config")

    10 local hostname = utils.hostname()
    10 function get_node_info()
    20 	local uci = config.get_uci_cursor()
    20 	local coords = location.get_node() or location.get_community() or
    20 	{lat="FIXME", long="FIXME"}
    20 	local fw_version =  "no version"
    40 	pcall(function () fw_version = utils.release_info()['DISTRIB_RELEASE'] end)
    20 	local board = "no board"
    40 	pcall(function () board = utils.current_board() end)
    20 	local ipv4 = uci:get("network", "lan", "ipaddr")
    20 	local ipv6 = uci:get("network", "lan", "ip6addr")
    20 	if ipv6 then ipv6 = ipv6:gsub("/.*$", "") end
    20 	local uptime = utils.uptime_s()
    20 	local macs =  network.get_own_macs("*")
    20 	return {hostname=hostname, firmware_version=fw_version, board=board,
    20 	 ipv4=ipv4, ipv6=ipv6,coordinates=coords,macs= macs,uptime = uptime,
    20 	 device = "Router" }
       end

    10 local result = { [hostname] = get_node_info() }
    10 io.popen("shared-state-async insert node_info", "w"):write(JSON.stringify(result))

==============================================================================
packages/shared-state-odhcpd_leases/files/usr/share/shared-state/publishers/shared-state-publish_odhcpd_leases
==============================================================================
       #!/usr/bin/lua

    30 local JSON = require("luci.jsonc")
    30 local CRDT = "odhcpd-leases"


    30 local handle = io.popen("ubus call dhcp ipv4leases '{}' 2>/dev/null")
    30 local ubus_output = handle:read("*a")
    30 handle:close()


    30 local ubus_data = JSON.parse(ubus_output or "{}")

    30 local output_table = {}


    30 if ubus_data and ubus_data.device then

     6   for device_name, device_data in pairs(ubus_data.device) do
     3     if device_data and device_data.leases then

     9       for _, lease in ipairs(device_data.leases) do

     6         if lease.address and lease.mac then

     6           output_table[lease.address] = {
     6             hostname = lease.hostname or "", 
     6             mac = lease.mac
     6           }
               end
             end
           end
         end
       end


    30 local final_json_string = JSON.stringify(output_table)


    30 local pipe = io.popen("shared-state-async insert " .. CRDT, "w")
    30 if pipe then
    30   pipe:write(final_json_string)
    30   pipe:close()
       end


    30 os.execute("/usr/sbin/odhcpd-update >/dev/null 2>&1")

==============================================================================
packages/shared-state-ref_state_commons/files/usr/lib/lua/shared_state_links_info.lua
==============================================================================
       #!/usr/bin/lua

       --! LibreMesh
       --! Copyright (c) 2024  Javier Jorge <jjorge@inti.gob.ar>
       --! Copyright (c) 2024  Instituto Nacional de Tecnología Industrial
       --! Copyright (C) 2024  Asociación Civil Altermundi <info@altermundi.net>
       --! SPDX-License-Identifier: AGPL-3.0-only

    36 local JSON = require("luci.jsonc")
    36 local location = require 'lime.location'

    36 local shared_state_links_info = {}

    36 function shared_state_links_info.add_dst_loc(links_info, shared_state_sample, hostname)
    52     if shared_state_sample ~= nil then
    48         for link, l_data in pairs(links_info.links) do
    96             for node, data in pairs(shared_state_sample) do
    64                 if node ~= hostname and data.links ~= nil then
    16                     local link_data = data.links[link]
    16                     if link_data ~= nil and data.src_loc~= nil then
     8                         l_data.dst_loc = {}
     8                         l_data.dst_loc.lat = data.src_loc.lat
     8                         l_data.dst_loc.long = data.src_loc.long
                           end
                       end
                   end
               end
           end
       end

    36 function shared_state_links_info.add_own_location_to_links(links)
    70 return {
    70     links = links,
           -- we are not interested in the community location.
    70     src_loc = location.get_node() or { 
    70         lat = "FIXME",
    70         long = "FIXME"
    70     }
    70 }
       end

    36 function shared_state_links_info.insert_in_ss_with_location(links,data_type_name)
    36     local hostname = io.input("/proc/sys/kernel/hostname"):read("*line")
    36     local links_info = shared_state_links_info.add_own_location_to_links(links)
    36     local shared_state_sample = JSON.parse(io.popen("shared-state-async get "..data_type_name, "r"):read('*all'))
    36     shared_state_links_info.add_dst_loc(links_info, shared_state_sample, hostname)
    36     local result = {[hostname] = links_info}
    36     io.popen("shared-state-async insert "..data_type_name, "w"):write(JSON.stringify(result))
       end

    36 return shared_state_links_info

==============================================================================
packages/shared-state-wifi_links_info/files/usr/share/shared-state/publishers/shared-state-publish_wifi_links_info
==============================================================================
       #!/usr/bin/lua

       --! LibreMesh
       --! Copyright (C) 2019  Gioacchino Mazzurco <gio@altermundi.net>
       --! Copyright (c) 2023  Javier Jorge <jjorge@inti.gob.ar>
       --! Copyright (c) 2023  Instituto Nacional de Tecnología Industrial
       --! Copyright (C) 2023  Asociación Civil Altermundi <info@altermundi.net>
       --! SPDX-License-Identifier: AGPL-3.0-only

    13 local node_status = require("lime.node_status")
    13 local network = require("lime.network")
    13 local iwinfo = require ("iwinfo")
    13 local shared_state_links_info = require ("shared_state_links_info")

    13 local data_type_name = "wifi_links_info"

    13 function get_wifi_links_info()
    47     local stations = node_status.get_stations()
    47     local links = {}
   115     for _, station in ipairs(stations) do
    68         macparts = network.get_mac(station.iface)
    68         src_macaddr = string.lower(table.concat(macparts, ":"))
    68         local station_stats = node_status.get_station_stats(station)
    68         local freq = iwinfo.nl80211.frequency(station.iface)
    68         local chanenel = iwinfo.nl80211.channel(station.iface)
    68         local key_table = {string.lower(string.gsub(src_macaddr, ":", "")),
    68                            string.lower(string.gsub(station.station_mac, ":", ""))}
    68         table.sort(key_table)
    68         links[table.concat(key_table)] = {
    68             src_mac = src_macaddr,
    68             dst_mac = string.lower(station.station_mac),
    68             signal = station_stats.signal,
    68             chains = station_stats.chains,
    68             iface = station.iface,
    68             rx_rate = station_stats.rx_rate,
    68             tx_rate = station_stats.tx_rate,
    68             freq = freq,
    68             channel = chanenel,
                   --dst_loc = {lat="FIXME",long="FIXME"} --if no location is found later no dst location will be informed
    68         }
           end
    47     return links
       end

    13 shared_state_links_info.insert_in_ss_with_location(get_wifi_links_info(),data_type_name)

==============================================================================
packages/shared-state/files/usr/lib/lua/shared-state.lua
==============================================================================
       #!/usr/bin/lua

       --! Minimalistic CRDT-like shared state structure suitable for mesh networks
       --!
       --! Copyright (C) 2019-2020  Gioacchino Mazzurco <gio@altermundi.net>
       --!
       --! This program is free software: you can redistribute it and/or modify
       --! it under the terms of the GNU Affero General Public License version 3 as
       --! published by the Free Software Foundation.
       --!
       --! This program is distributed in the hope that it will be useful,
       --! but WITHOUT ANY WARRANTY; without even the implied warranty of
       --! MERCHANTABILITY or FITNESS FOR A PARTICULAR PURPOSE.  See the
       --! GNU Affero General Public License for more details.
       --!
       --! You should have received a copy of the GNU Affero General Public License
       --! along with this program.  If not, see <http://www.gnu.org/licenses/>.

   100 local fs = require("nixio.fs")
   100 local JSON = require("luci.jsonc")
   100 local nixio = require("nixio")
   100 local uci = require("uci")
   100 local utils = require("lime.utils")

   100 local shared_state = {}
   100 shared_state.DATA_DIR = '/var/shared-state/data/'
   100 shared_state.PERSISTENT_DATA_DIR = '/etc/shared-state/persistent-data/'
   100 shared_state.ERROR_LOCK_FAILED = 165
   100 shared_state.CANDIDATE_NEIGHBORS_BIN = '/usr/bin/shared-state-get_candidates_neigh'

   100 local SharedStateBase = {}

   100 function SharedStateBase:load(mergeWithCurrentState)
   905 	local onDiskData = JSON.parse(self.storageFD:readall()) or {}
   905 	if mergeWithCurrentState then
*****0 		self:_merge(onDiskData)
       	else
  1710 		for key, value in pairs(onDiskData) do
   805 			self.storage[key] = value
       		end
       	end
       end

   100 function SharedStateBase:lock(maxwait)
   925 	if self.locked then return end
   925 	maxwait = maxwait or 10
   925 	fs.mkdirr(fs.dirname(self.dataFile))
  1850 	self.storageFD = nixio.open(
  1850 		self.dataFile, nixio.open_flags("rdwr", "creat") )

   925 	for i=1,maxwait do
   925 		if not self.storageFD:lock("tlock") then
*****0 			nixio.nanosleep(1)
       		else
   925 			self.locked = true
   925 			break
       		end
       	end

   925 	if not self.locked then
*****0 		self.log( "err", self.dataFile, "Failed acquiring lock on data!" )
*****0 		os.exit(shared_state.ERROR_LOCK_FAILED)
       	end
       end

   100 function SharedStateBase:merge(stateSlice)
    50 	self:lock()
    50 	self:load()
    50 	self:_merge(stateSlice)
    50 	self:save()
    50 	self:unlock()
    50 	self:notifyHooks()
       end

   100 function SharedStateBase:notifyHooks()
   410 	if self.changed then
   410 		local jsonString = self:toJsonString()
   410 		if not fs.dir(self.hooksDir) then return end
*****0 		for hook in fs.dir(self.hooksDir) do
*****0 			local cStdin = io.popen(self.hooksDir.."/"..hook, "w")
*****0 			cStdin:write(jsonString)
*****0 			cStdin:close()
       		end
       	end
       end

   100 function SharedStateBase:save()
   440 	if self.changed then
   440 		local outFd = io.open(self.dataFile, "w")
   440 		outFd:write(self:toJsonString())
   440 		outFd:close()
   440 		outFd = nil
       	end
       end

   100 function SharedStateBase:httpRequest(url, body)
*****0 	local tmpfname = os.tmpname()

*****0 	local tmpfd = io.open(tmpfname, "w")
*****0 	tmpfd:write(body)
*****0 	tmpfd:close()
*****0 	tmpfd = nil

*****0 	local cmd = "uclient-fetch --no-check-certificate -q -O- --timeout=3 "
*****0 	cmd = cmd.."--post-file='"..tmpfname.."' '"..url.."' ; "
*****0 	cmd = cmd.."rm -f '"..tmpfname.."'"
*****0 	local fd = io.popen(cmd)

*****0 	local value = fd:read("*a")
*****0 	fd:close()

*****0 	return value
       end

   100 function SharedStateBase:_sync(urls)
*****0 	urls = urls or {}

*****0 	if #urls < 1 then
*****0 		local uci_cursor = uci:cursor()
       		local fixed_candidates =
*****0 				uci_cursor:get("shared-state", "options","candidates") or {}
*****0 		for _, line in pairs(fixed_candidates) do
*****0 			table.insert(
       				urls,
*****0 				line.."/"..self.dataType )
       		end

*****0 		io.input(io.popen(shared_state.CANDIDATE_NEIGHBORS_BIN))
*****0 		for line in io.lines() do
*****0 			table.insert(
       				urls,
*****0 				self:getSyncUrl(line, self.dataType))
       		end
       	end

*****0 	for _,url in ipairs(urls) do
*****0 		local body = self:toJsonString()

*****0 		local response = self:httpRequest(url, body)

*****0 		if type(response) == "string" and response:len() > 1  then
*****0 			local parsedJson = JSON.parse(response)
*****0 			if parsedJson then self:_merge(parsedJson) end
       		else
*****0 			self.log( "debug", "error requesting "..url )
       		end
       	end
       end

   100 function SharedStateBase:sync(urls)
*****0 	self:lock()
*****0 	self:load()
*****0 	self:unlock()
*****0 	self:_sync(urls)
*****0 	self:lock()
*****0 	self:load(true) -- Take in account changes happened during sync
*****0 	self:save()
*****0 	self:unlock()
*****0 	self:notifyHooks()
       end

   100 function SharedStateBase:toJsonString()
   850 	return JSON.stringify(self.storage)
       end

   100 function SharedStateBase:get()
   465 	self:lock()
   465 	self:load()
   465 	self:unlock()
   465 	return self.storage
       end

   100 function SharedStateBase:unlock()
   905 	if not self.locked then return end
   905 	self.storageFD:lock("ulock")
   905 	self.storageFD:close()
   905 	self.storageFD = nil
   905 	self.locked = false
       end

   100 function createSharedStateBase(dataType, logger, dataFile)
   530 	local logger = (type(logger) == "function") and logger or function() end
   490 	local newInstance = {
   490 		dataType = dataType,
   490 		log = logger,
       		--! Map<Key, {bleachTTL, author, data}>
       		--!   bleachTTL is the count of how much bleaching should occur before the
       		--!     entry expires
       		--!   author is the name of the host who generated that entry
       		--!   data is the value of the entry
   490 		storage={},
       		--! true if self_storage has changed after loading
   490 		changed=false,
       		-- File descriptor of the persistent file storage
   490 		storageFD=nil,
       		--! true when persistent storage file is locked by this instance
   490 		locked=false,
   490 		dataFile = dataFile,
   490 		hooksDir = "/etc/shared-state/hooks/"..dataType.."/"
       	}
   490 	return newInstance
       end

   100 local SharedState = {}
   100 setmetatable(SharedState, {__index = SharedStateBase})

   100 function SharedState:new(dataType, logger)
   185 	local dataFile = shared_state.DATA_DIR..dataType..".json"
   185 	local newInstance = createSharedStateBase(dataType, logger, dataFile)
   185 	setmetatable(newInstance, {__index = SharedState})
   185 	return newInstance
       end

   100 function SharedState:_bleach()
    40 	local substancialChange = false
   100 	for k,v in pairs(self.storage) do
    60 		if(v.bleachTTL < 2) then
    10 			self.storage[k] = nil
    10 			substancialChange = true
       		else
    50 			v.bleachTTL = v.bleachTTL-1
       		end
    60 		self.changed = true
       	end
    40 	return substancialChange
       end

   100 function SharedState:bleach()
    40 	self:lock()
    40 	self:load()
    40 	local shouldNotify = self:_bleach()
    40 	self:save()
    40 	self:unlock()
       	--! Avoid hooks being called if data hasn't substantially changed
    40 	if(shouldNotify) then self:notifyHooks() end
       end

   100 function SharedState:_insert(key, data, bleachTTL)
   190 	bleachTTL = bleachTTL or 30
   190 	self.storage[key] = {
   190 		bleachTTL=bleachTTL,
   190 		author=io.input("/proc/sys/kernel/hostname"):read("*line"),
   190 		data=data
   190 	}
   190 	self.changed = true
       end

   100 function SharedState:insert(data, bleachTTL)
   120 	self:lock()
   120 	self:load()
   300 	for key, lv in pairs(data) do self:_insert(key, lv, bleachTTL) end
   120 	self:save()
   120 	self:unlock()
   120 	self:notifyHooks()
       end

   100 function SharedState:_merge(stateSlice)
    10 	local stateSlice = stateSlice or {}
    40 	for key,rv in pairs(stateSlice) do
    30 		if rv.bleachTTL <= 0 then
*****0 			self.log( "debug", "sharedState:merge got expired entry" )
*****0 			self.changed = true
       		else
    30 			local lv = self.storage[key]
    30 			if( lv == nil or lv.bleachTTL < rv.bleachTTL ) then
    40 				self.log( "debug", "Updating entry for: "..key.." older: "..
    20 						  (lv and lv.bleachTTL or 'no entry').." newer: "..rv.bleachTTL )
    20 				self.storage[key] = rv
    20 				self.changed = true
       			end
       		end
       	end
       end

   100 function SharedState:_remove(key)
    10 	if(self.storage[key] ~= nil and self.storage[key].data ~= nil)
    10 	then self:_insert(key, nil) end
       end

   100 function SharedState:remove(keys)
    10 	self:lock()
    10 	self:load()
    20 	for _,key in ipairs(keys) do self:_remove(key) end
    10 	self:save()
    10 	self:unlock()
    10 	self:notifyHooks()
       end

   100 function SharedState:getSyncUrl(host)
*****0 	return "http://["..host.."]/cgi-bin/shared-state/"..self.dataType
       end


   100 local SharedStateMultiWriter = {}
   100 setmetatable(SharedStateMultiWriter, {__index = SharedStateBase})

   100 function SharedStateMultiWriter:new(dataType, logger)
   305 	local dataFile = shared_state.PERSISTENT_DATA_DIR..dataType..".json"
   305 	local newInstance = createSharedStateBase(dataType, logger, dataFile)
   305 	setmetatable(newInstance, {__index = SharedStateMultiWriter})
   305 	return newInstance
       end


   100 function SharedStateMultiWriter:_merge(stateSlice)
       	--! Make merge based on an incremental counter (changes) and a random number (fortune)
    40 	local stateSlice = stateSlice or {}
    80 	for key,rv in pairs(stateSlice) do
    40 		local lv = self.storage[key]
    40 		if ( lv == nil or lv.changes < rv.changes or
    30 			 ( lv.changes == rv.changes and lv.fortune < rv.fortune )) then
    40 			self.log( "debug", "Updating entry for: "..key.." older: "..
    20 					  (lv and lv.changes or 'no entry') .." newer: "..rv.changes )
    20 			self.storage[key] = rv
    20 			self.changed = true
       		end
       	end
       end

   100 function SharedStateMultiWriter:insert(data)
   220 	self:lock()
   220 	self:load()
   670 	for key, lv in pairs(data) do self:_insert(key, lv) end
   220 	self:save()
   220 	self:unlock()
   220 	self:notifyHooks()
       end

   100 function shared_state._getFortune()
   240 	return math.random(1, 100000)
       end

   100 function SharedStateMultiWriter:_insert(key, data)
   450 	local lv = self.storage[key]
   450 	if (lv == nil or not utils.deepcompare(lv.data, data)) then
   430 		local changes = lv and lv.changes + 1 or 0
   430 		self.storage[key] = {
   430 			lastModified=os.time(),
   430 			changes=changes,
   430 			fortune=shared_state._getFortune(),
   430 			author=io.input("/proc/sys/kernel/hostname"):read("*line"),
   430 			data=data
   430 		}
   430 		self.changed = true
       	end
       end

   100 function SharedStateMultiWriter:getSyncUrl(host)
*****0 	return "http://["..host.."]/cgi-bin/shared-state-multiwriter/"..self.dataType
       end

   100 shared_state.SharedState = SharedState
   100 shared_state.SharedStateMultiWriter = SharedStateMultiWriter
   100 return shared_state

==============================================================================
packages/shared-state/files/usr/libexec/rpcd/shared-state
==============================================================================
       #!/usr/bin/env lua

       --! Shared State
       --! Copyright (c) 2023  Javier Jorge <jjorge@inti.gob.ar>
       --! Copyright (c) 2023  Instituto Nacional de Tecnología Industrial
       --! Copyright (C) 2023  Asociación Civil Altermundi <info@altermundi.net>
       --! SPDX-License-Identifier: AGPL-3.0-only

   110 local ubus = require "ubus"
   110 local utils = require('lime.utils')
   110 local shared_state = require("shared-state")
   110 local json = require 'luci.jsonc'

   110 require("nixio.util")

   110 local response_template = {data = {}, error = 500}

       local function showData(sharedState)
    40     local resultTable = sharedState:get()
    40     if next(resultTable) == nill then
     5         response_template.error = 404
           else
   130         for k, v in pairs(resultTable) do
    95             response_template.data[k] = v.data
               end
    35         response_template.error = 0
           end
    40     utils.printJson(response_template)
       end

       local function getFromSharedState(msg)
    15     local sharedState = shared_state.SharedState:new(msg.data_type,
     5         nixio.syslog)
     5     showData(sharedState)
       end

       local function getFromSharedStateMultiWriter(msg)
    85     local sharedState = shared_state.SharedStateMultiWriter:new(msg.data_type,
    35         nixio.syslog)
    35     showData(sharedState)
       end

       local function insertIntoSharedStateMultiWriter(msg)
    70     local sharedState = shared_state.SharedStateMultiWriter:new(msg.data_type,
    30         nixio.syslog)
    30     local inputTable = msg.json or {}
    30     sharedState:insert(inputTable)
       end

   110 local methods = {
   110     getFromSharedState = {
   110         data_type = 'value'
   110     },
   110     getFromSharedStateMultiWriter = {
   110         data_type = 'value'
   110     },
   110     insertIntoSharedStateMultiWriter = {
   110         data_type = 'value',
   110         json = 'value'
   110     }
       }

   110 if arg[1] == 'list' then
    10     utils.printJson(methods)
       end

   110 if arg[1] == 'call' then
   100     local msg = utils.rpcd_readline()
   100     msg = json.parse(msg)
   100     if arg[2] == 'getFromSharedState' then
    10         getFromSharedState(msg)
    90     elseif arg[2] == 'getFromSharedStateMultiWriter' then
    50         getFromSharedStateMultiWriter(msg)
    40     elseif arg[2] == 'insertIntoSharedStateMultiWriter' then
    40         insertIntoSharedStateMultiWriter(msg)
           else
*****0         utils.printJson({
*****0             error = "Method not found"
               })
           end
       end

==============================================================================
packages/ubus-lime-location/files/usr/lib/lua/lime/location.lua
==============================================================================
       #!/usr/bin/env lua
       --[[
       Copyright 2017 Marcos Gutierrez <gmarcos87@gmail.com>
       Copyright 2020 Santiago Piccinini <spiccinini@altermundi.net>
       Licensed under the Apache License, Version 2.0 (the "License");
       you may not use this file except in compliance with the License.
       You may obtain a copy of the License at
           http://www.apache.org/licenses/LICENSE-3.0
       ]]--

    56 local iwinfo = require "iwinfo"
    56 local json = require "luci.jsonc"
    56 local config = require "lime.config"
    56 local wireless = require "lime.wireless"
    56 local system = require "lime.system"

    56 local location = {}

    56 function location.is_valid_coordinate(value)
   255     return type(tonumber(value)) == "number"
       end

    56 function location.get_node()
   160     local uci = config.get_uci_cursor()
   160     local lat = uci:get("location", "settings", "node_latitude")
   160     local long = uci:get("location", "settings", "node_longitude")

   160     if location.is_valid_coordinate(lat) and location.is_valid_coordinate(long) then
    20         return {lat=lat, long=long}
           end
       end

    56 function location.get_community()
    60     local uci = config.get_uci_cursor()
    60     local lat = uci:get("location", "settings", "community_latitude")
    60     local long = uci:get("location", "settings", "community_longitude")

    60     if location.is_valid_coordinate(lat) and location.is_valid_coordinate(long) then
    15         return {lat=lat, long=long}
           end
       end

    56 function location.set(lat, long)
    10     local uci = config.get_uci_cursor()
    10     uci:set("location", "settings", "node_latitude", lat)
    10     uci:set("location", "settings", "node_longitude", long)
    10     uci:commit("location")
    10     local hostname = system.get_hostname()
    10     local data = {}
    10     data[hostname] = location.nodes_and_links()
    10     io.popen("shared-state insert nodes_and_links", "w"):write(json.stringify(data))
       end

    56 function location.nodes_and_links()
    25   local hostname = io.input("/proc/sys/kernel/hostname"):read("*line")
    25   local macs = network.get_own_macs("wlan*")

    25   local coords = location.get_node() or location.get_community() or {lat="FIXME", long="FIXME"}
         local iface, currneigh, _, n

    25   local interfaces = wireless.mesh_ifaces()
    25   local links = {}
    35   for _, iface in pairs(interfaces) do
    10     currneigh = iwinfo.nl80211.assoclist(iface)
    15     for mac, station in pairs(currneigh) do
     5         table.insert(links, string.lower(mac))
           end
         end
    25   return {hostname=hostname, macs=macs, coordinates={lat=coords.lat, lon=coords.long}, links=links}
       end

    56 return location

==============================================================================
packages/ubus-lime-location/files/usr/libexec/rpcd/lime-location
==============================================================================
       #!/usr/bin/env lua
       --[[
       Copyright 2017 Marcos Gutierrez <gmarcos87@gmail.com>
       Copyright 2020 Santiago Piccinini <spiccinini@altermundi.net>
       Licensed under the Apache License, Version 2.0 (the "License");
       you may not use this file except in compliance with the License.
       You may obtain a copy of the License at
           http://www.apache.org/licenses/LICENSE-3.0
       ]]--


    55 local ubus = require "ubus"
    55 local iwinfo = require "iwinfo"
    55 local json = require "luci.jsonc"
    55 local config = require("lime.config")
    55 local wireless = require "lime.wireless"
    55 local network = require 'lime.network'
    55 local utils = require 'lime.utils'
    55 local location = require 'lime.location'


    55 local conn = ubus.connect()
    55 if not conn then
*****0     error("Failed to connect to ubus")
       end

       local function _get_location(msg)
    30     local result = {location = {}, default = false}

    30     local coords = location.get_node()
    30     if not coords then
    20         result.default = true
    20         coords = location.get_community() or {lat="FIXME", long="FIXME"}
           end

    30     result.location.lat = coords.lat
    30     result.location.lon = coords.long
    30     result.status = "ok"
    30     return result
       end

       local function get_location(msg)
    30   utils.printJson(_get_location(msg))
       end

       local function set_location(msg)
    10     location.set(msg.lat, msg.lon)
     5     utils.printJson({ lat = msg.lat, lon = msg.lon, status = 'ok' });
       end

       local function nodes_and_links()
     5   local hostname = utils.hostname()
     5   local result = {}
     5   result[hostname] = location.nodes_and_links()
     5   utils.printJson(result)
       end

    55 function all_nodes_and_links(msg)
*****0   print('{"result":'..utils.unsafe_shell("shared-state get nodes_and_links")..'}')
       end

    55 local methods = {
    55     all_nodes_and_links = { no_params = 0},
    55     nodes_and_links = { no_params = 0},
    55     get = { no_params = 0 },
    55     set = { lat = 'value', lon = 'value' }
       }

    55 if arg[1] == 'list' then
    10     utils.printJson(methods)
       end

    55 if arg[1] == 'call' then
    45     local msg = utils.rpcd_readline()
    45     msg = json.parse(msg)
    45     if       arg[2] == 'get'	        then get_location(msg)
    15 	elseif   arg[2] == 'set'	        then set_location(msg)
     5 	elseif   arg[2] == 'nodes_and_links'	        then nodes_and_links(msg)
*****0 	elseif   arg[2] == 'all_nodes_and_links'	        then all_nodes_and_links(msg)
*****0     else utils.printJson({ error = "Method not found" })
           end
       end

==============================================================================
packages/ubus-lime-metrics/files/usr/lib/lua/lime-metrics.lua
==============================================================================
       #!/usr/bin/lua

    13 local utils = require('lime-metrics.utils')
    13 local lutils = require("lime.utils")
    13 local json = require 'luci.jsonc'

    13 local metrics = {}

    13 function metrics.get_last_internet_path_filename()
    13     return "/etc/last_internet_path"
       end

    13 function metrics.get_metrics(target)
    26     local result = {}
    26     local node = target
    26     local loss = nil
    26     local shell_output = ""

    26     if lutils.is_installed("lime-proto-bmx6") then
*****0         loss = utils.get_loss(node..".mesh")
*****0         shell_output = lutils.unsafe_shell("netperf -6 -l 10 -H "..node..".mesh| tail -n1| awk '{ print $5 }'")
    26     elseif lutils.is_installed("lime-proto-babeld") then
    13         loss = utils.get_loss(node)
    13         shell_output = lutils.unsafe_shell("netperf -l 10 -H "..node.."| tail -n1| awk '{ print $5 }'")
           else
    13         return {status="error", error={msg="No lime-proto-bmx6 or lime-proto-babeld found", code="1"}}
           end
    13     local bw = 0
    13     if shell_output ~= "" and shell_output ~= nil then
     5         bw = shell_output:match("[%d.]+")
           end
    13     result.loss = loss
    13     result.bandwidth = bw
    13     result.status = "ok"
    13     return result
       end

    13 function metrics.get_loss(target)
*****0     local result = {}
*****0     local node = target
           local loss = nil

*****0     loss = utils.get_loss(node)
*****0     result.loss = loss
*****0     result.status = "ok"
*****0     return result
       end


    13 function metrics.get_gateway()
    26     local result = {}
    26     local gw = nil

    26     local internet_path_file = io.open(metrics.get_last_internet_path_filename(), "r")
    26     if internet_path_file then
    26         local path_content = assert(internet_path_file:read("*a"), nil)
    26         internet_path_file:close()
    26         path = json.parse(path_content) or nil
    26         if lutils.tableLength(path) > 0 then
     8             return { status="ok", gateway=path[lutils.tableLength(path)] }
               end
           end

     8     return {status="error", error={msg="Not found. No gateway available.", code="1"}}
       end

    13 function metrics.get_last_internet_path(msg)
    26     local internet_path_file = io.open(metrics.get_last_internet_path_filename(), "r")
    26     if internet_path_file then
    13         path_content = assert(internet_path_file:read("*a"), nil)
    13         internet_path_file:close()
    13         path = json.parse(path_content) or nil
    13         local result = {}
    13         if path ~= nil then
     8             result.path = path 
     8             result.status = "ok"
     8             return result
               end
           else
    13         return {status="error", error={msg="Not found. No known Internet path.", code="1"}}
           end
       end

    13 function metrics.get_internet_status( )
    13     local result = {}
    13     local lossV4 = utils.get_loss("4.2.2.2")
    13     if lossV4 ~= "100" then
    13         result.IPv4 = { working=true }
           else
*****0       result.IPv4 = { working=false }
           end

    13     local lossV6 = utils.get_loss("2600::")
    13     if lossV6 ~= "100" then
    13         result.IPv6 = { working=true }
           else
*****0       result.IPv6 = { working=false }
           end
    13     local lookup_output = utils.is_nslookup_working()
    13     if lookup_output ~= "" then
    13         result.DNS = { working=true }
           else
*****0         result.DNS = { working=false }
           end
    13     result.status = "ok"
    13     return result
       end

    13 function metrics.get_station_traffic(msg)
    26     local iface = msg.iface
    16     local mac = msg.station_mac
    16     local result = {}
    16     local traffic = lutils.unsafe_shell("iw "..iface.." station get "..mac.." | grep bytes | awk '{ print $3}'")
    16     if traffic == "" or traffic == nil then
     8         return {status="error", error={msg="No interface found.", code="1"}}
           end
     8     words = {}
    24     for w in traffic:gmatch("[^\n]+") do table.insert(words, w) end
     8     rx = words[1]
     8     tx = words[2]
     8     result.station = mac
     8     result.rx_bytes = tonumber(rx, 10)
     8     result.tx_bytes = tonumber(tx, 10)
     8     result.status = "ok"
     8     return result
       end


    13 return metrics

==============================================================================
packages/ubus-lime-metrics/files/usr/lib/lua/lime-metrics/utils.lua
==============================================================================
    13 local lutils = require("lime.utils")

    13 local utils = {}

    13 function utils.is_nslookup_working()
*****0     local shell_output = lutils.unsafe_shell("nslookup google.com | grep Name -A2 | grep Address")
*****0     return shell_output
       end

    13 function utils.get_loss(host)
    13     local shell_output = lutils.unsafe_shell("ping -q  -i 0.1 -c4 -w2 "..host)
    13     local loss = "100"
    13     if shell_output ~= "" and shell_output ~= nil then
     5         loss = shell_output:match("(%d*)%% packet loss")
           end
    13     return loss
       end

    13 return utils

==============================================================================
packages/ubus-lime-utils/files/usr/lib/lua/lime-utils-admin.lua
==============================================================================
       #!/usr/bin/env lua
       --[[
         Copyright (C) 2020 LibreMesh.org
         This is free software, licensed under the GNU AFFERO GENERAL PUBLIC LICENSE Version 3

         Copyright 2020 Santiago Piccinini <spiccinini@altermindi.net>
       ]]--


     5 local utils = require 'lime.utils'
     5 local config = require 'lime.config'
     5 local upgrade = require 'lime.upgrade'
     5 local hotspot_wwan = require "lime.hotspot_wwan"


     5 local UPGRADE_METADATA_FILE = "/etc/upgrade_metadata"

     5 local limeutilsadmin = {}

     5 function limeutilsadmin.set_root_password(msg)
           local result = nil
     5     if type(msg.password) ~= "string" then
*****0         result = {status = 'error', msg = 'Password must be a string'}
           else
     5         utils.set_shared_root_password(msg.password or '')
     5         result = {status = 'ok'}
           end
     5     return result
       end

     5 function limeutilsadmin.set_hostname(msg)
    15     if msg.hostname ~= nil and utils.is_valid_hostname(msg.hostname) then
     5         local uci = config.get_uci_cursor()
     5         uci:set(config.UCI_NODE_NAME, 'system', 'hostname', msg.hostname)
     5         uci:commit(config.UCI_NODE_NAME)
     5         utils.unsafe_shell("lime-config")
     5         return { status = 'ok'}
           else
               local err
    10         if msg.hostname then
     5             err = 'Invalid hostname'
               else
     5             err = 'Hostname not provided'
               end
    10         return { status = 'error', msg = err }
           end
       end

     5 function limeutilsadmin.is_upgrade_confirm_supported()
    10     local supported = upgrade.is_upgrade_confirm_supported()
    10     return {status = 'ok', supported = supported}
       end


     5 function limeutilsadmin.firmware_upgrade(msg)
    10     local status, ret = upgrade.firmware_upgrade(msg.fw_path, msg.preserve_config, msg.metadata, msg.fw_type)
    10     if status then
    10         return {status = 'ok', metadata = ret}
           else
*****0         return {status = 'error', message = ret}
           end
       end

     5 function limeutilsadmin.last_upgrade_metadata()
           local metadata
    10     if utils.file_exists(UPGRADE_METADATA_FILE) then
     5         metadata = utils.read_obj_store(UPGRADE_METADATA_FILE)
     5         return {status = 'ok', metadata = metadata}
           else
     5         return {status = 'error', message = 'No metadata available'}
           end
       end

     5 function limeutilsadmin.firmware_confirm()
     5     local exit_code = os.execute("safe-upgrade confirm > /dev/null 2>&1")
     5     local status = 'error'
     5     if exit_code == 0 then
     5         status = 'ok'
           end
     5     return {status = status, exit_code = exit_code}
       end

       --! Creates a client connection to a wifi hotspot
     5 function limeutilsadmin.hotspot_wwan_enable(msg)
    15     local msg = msg or {}
    15     local status, errmsg = hotspot_wwan.safe_enable(msg.ssid, msg.password, msg.encryption, msg.radio)
    15     if status then
    15         return {status = 'ok'}
           else
*****0         return {status = 'error', message = errmsg}
           end
       end


     5 function limeutilsadmin.hotspot_wwan_disable(msg)
     5     local msg = msg or {}
     5     local status, errmsg = hotspot_wwan.disable(msg.radio)
     5     if status then
     5         return {status = 'ok'}
           else
*****0         return {status = 'error', message = errmsg}
           end
       end


     5 function limeutilsadmin.safe_reboot(msg)
*****0     local result = {}
           local function getStatus()
*****0         local f = io.open('/overlay/upper/.etc.last-good.tgz', "rb")
*****0         if f then f:close() end
*****0         return f ~= nil
           end

           -- Get safe-reboot status
*****0     if msg.action == nil then return {error = true} end
*****0     if msg.action == 'status' then result.status = getStatus() end

           --  Start safe-reboot
*****0     if msg.action == 'start' then
*****0         local args = ''
*****0         if msg.value ~= nil then
*****0             if msg.value.wait ~= nil then
*****0                 args = args .. ' -w ' .. msg.value.wait
                   end
*****0             if msg.value.fallback ~= nil then
*****0                 args = args .. ' -f ' .. msg.value.fallback
                   end
               end
*****0         local sr = assert(io.popen('safe-reboot ' .. args))
*****0         sr:close()
*****0         result.status = getStatus()
*****0         if result.status == true then result.started = true end
           end

           -- Rreboot now and wait for fallback timeout
*****0     if msg.action == 'now' then
*****0         local sr = assert(io.popen('safe-reboot now'))
*****0         result.status = getStatus()
*****0         result.now = result.status
           end

           -- Keep changes and stop safe-reboot
*****0     if msg.action == 'cancel' then
*****0         result.status = true
*****0         result.canceled = false
*****0         local sr = assert(io.popen('safe-reboot cancel'))
*****0         sr:close()
*****0         if getStatus() == false then
*****0             result.status = false
*****0             result.canceled = true
               end
           end

           --  Discard changes - Restore previous state and reboot
*****0     if msg.action == 'discard' then
*****0         local sr = assert(io.popen('safe-reboot discard'))
*****0         sr:close()
*****0         result.status = getStatus()
*****0         if result.status == true then result.started = true end
           end

*****0     return result
       end

     5 return limeutilsadmin


==============================================================================
packages/ubus-lime-utils/files/usr/lib/lua/lime-utils.lua
==============================================================================
       #!/usr/bin/env lua

       -- Used on lime-utils ubus script
    10 local limewireless = require 'lime.wireless'
    10 local utils = require 'lime.utils'
    10 local upgrade = require 'lime.upgrade'
    10 local node_status = require 'lime.node_status'
    10 local hotspot_wwan = require "lime.hotspot_wwan"
    10 local ubus = require "ubus"

    10 local conn = ubus.connect()
    10 if not conn then error("Failed to connect to ubus") end

    10 local limeutils = {}

    10 function limeutils.get_cloud_nodes()
    10     local nodes = utils.unsafe_shell(
     5                       "cat /tmp/bat-hosts | grep bat0 | cut -d' ' -f2 | sed 's/_bat0//' | sed 's/_/-/g' | sort | uniq")
     5     local result = {}
     5     result.nodes = {}
    30     for line in nodes:gmatch("[^\n]*") do
    25         if line ~= "" then table.insert(result.nodes, line) end
           end
     5     result.status = "ok"
     5     return result
       end


    10 function limeutils.get_mesh_ifaces()
*****0     local result = {}
*****0     result.ifaces = limewireless.mesh_ifaces()
*****0     return result
       end

    10 function limeutils.get_node_status()
    10     local result = {}
    10     result.hostname = utils.hostname()
    10     result.ips = node_status.get_ips()
    10     result.most_active = node_status.get_most_active()
    10     result.switch_status = node_status.switch_status()
    10     result.uptime = tostring(utils.uptime_s())
    10     result.status = "ok"
    10     return result
       end

    10 function limeutils.get_notes()
    15     local result = {}
    15     result.notes = utils.read_file('/etc/banner.notes') or ''
    15     result.status = "ok"
    15     return result
       end

    10 function limeutils.set_notes(msg)
     5     local banner = utils.write_file('/etc/banner.notes', msg.text)
     5     return limeutils.get_notes()
       end

    10 function limeutils.get_community_settings()
*****0     local config = conn:call("uci", "get", {config = "lime-app"}).values
*****0     if config ~= nil then
*****0         for name, value in pairs(config) do
                   -- TODO: Find a best way to remove uci keys
*****0             function table.removekey(table, key)
*****0                 local element = table[key]
*****0                 table[key] = nil
*****0                 return element
                   end
*****0             table.removekey(value, ".name")
*****0             table.removekey(value, ".index")
*****0             table.removekey(value, ".anonymous")
*****0             table.removekey(value, ".type")
*****0             return value
               end
           else
*****0         return {error = "config not found"}
           end
       end

       -- todo(kon): move to utility class?? 
    10 function limeutils.get_channels()
*****0     local devices = limewireless.scandevices()
*****0     local phys = {}
*****0     for k, radio in pairs(devices) do
*****0         local phyIndex = radio[".name"].sub(radio[".name"], -1)
*****0         phys[k] = {phy = "phy" .. phyIndex}
*****0         if limewireless.is5Ghz(radio[".name"]) then
*****0             phys[k].freq = '5ghz'
               else
*****0             phys[k].freq = '2.4ghz'
               end
           end
*****0     local frequencies = {}
*****0     for _, phy in pairs(phys) do
*****0         local info = utils.unsafe_shell("iw " .. phy.phy ..
*****0                                             " info | sed -n '/Frequencies:/,/valid/p' | sed '1d;$d' | grep -v radar | grep -v disabled | sed -e 's/.*\\[\\(.*\\)\\].*/\\1/'")
*****0         frequencies[phy.freq] = utils.split(info, '\n')
           end
*****0     return frequencies
       end

    10 function limeutils.get_config()
*****0     local result = conn:call("uci", "get",
*****0                              {config = "lime-autogen", section = "wifi"})
*****0     result.channels = limeutils.get_channels()
*****0     return result
       end

    10 function limeutils.get_upgrade_info()
     5     local result = upgrade.get_upgrade_info()
     5     if not result then return {status = "error"} end
     5     result.status = 'ok'
     5     return result
       end


    10 function limeutils.hotspot_wwan_get_status(msg)
    15     local msg = msg or {}
    15     local status, errmsg = hotspot_wwan.status(msg.radio)
    15     if status then
    15         return {
    15             status = 'ok',
    15             enabled = status.enabled,
    15             connected = status.connected,
    15             signal = status.signal
    15         }
           else
*****0         return {status = 'error', message = errmsg}
           end
       end

    10 return limeutils

==============================================================================
packages/ubus-lime-utils/files/usr/lib/lua/lime/hotspot_wwan.lua
==============================================================================
       #!/usr/bin/env lua
       --[[
         Copyright (C) 2021 LibreMesh.org
         This is free software, licensed under the GNU AFFERO GENERAL PUBLIC LICENSE Version 3

         Copyright 2021 Santiago Piccinini <spiccinini@altermindi.net>
       ]]--

    30 local utils = require 'lime.utils'
    30 local config = require 'lime.config'
    30 local iwinfo = require "iwinfo"
    30 local wireless = require "lime.wireless"

    30 local pkg = {}

       -- checkout ap_match_encryption for supported encryptions
    30 pkg.DEFAULT_ENCRYPTION = 'psk2'
    30 pkg.DEFAULT_SSID = 'internet'
    30 pkg.DEFAULT_PASSWORD = 'internet'
    30 pkg.DEFAULT_RADIO = 'radio0'
    30 pkg.GENERIC_SECTION_NAME = 'hotspot_wwan'
    30 pkg.IFACE_SECTION_NAME = 'lm_client_wwan'
    30 pkg.IFACE_NAME = 'client-wwan'

    30 local gen_cfg = require 'lime.generic_config'

    30 function pkg._apply_change()
*****0     utils.execute_daemonized("lime-config && wifi reload")
       end

       --! Create a client connection to a wifi hotspot
    30 function pkg.enable(ssid, password, encryption, radio)
    10     local uci = config.get_uci_cursor()
    10     local encryption = encryption or pkg.DEFAULT_ENCRYPTION
    10     local ssid = ssid or pkg.DEFAULT_SSID
    10     local password = password or pkg.DEFAULT_PASSWORD
    10     local radio = radio or pkg.DEFAULT_RADIO

    10     uci:set(config.UCI_NODE_NAME, pkg.GENERIC_SECTION_NAME, "generic_uci_config")
    20     uci:set(config.UCI_NODE_NAME, pkg.GENERIC_SECTION_NAME, "uci_set", {
    10         "wireless." .. radio .. ".disabled=0",
    10         "wireless." .. radio .. ".channel=auto",
    10         "wireless." .. pkg.IFACE_SECTION_NAME .. "=wifi-iface",
    10         "wireless." .. pkg.IFACE_SECTION_NAME .. ".device=" .. radio,
    10         "wireless." .. pkg.IFACE_SECTION_NAME .. ".network=" .. pkg.IFACE_SECTION_NAME,
    10         "wireless." .. pkg.IFACE_SECTION_NAME .. ".mode=sta",
    10         "wireless." .. pkg.IFACE_SECTION_NAME .. ".ifname=" .. pkg.IFACE_NAME,
    10         "wireless." .. pkg.IFACE_SECTION_NAME .. ".ssid=" .. ssid,
    10         "wireless." .. pkg.IFACE_SECTION_NAME .. ".encryption=" .. encryption,
    10         "wireless." .. pkg.IFACE_SECTION_NAME .. ".key=" .. password,
    10         "network." .. pkg.IFACE_SECTION_NAME .. "=interface",
    10         "network." .. pkg.IFACE_SECTION_NAME .. ".proto=dhcp",
    10         }
           )
    10     uci:commit(config.UCI_NODE_NAME)
    10     pkg._apply_change()
    10     return true
       end

    30 function ap_match_encryption(ap, encryption)
    10     if encryption == 'psk2' then
    10         return ap.encryption.enabled and ap.encryption.wpa == 2
           end
*****0     return false
       end

    30 function pkg._is_safe(ssid, encryption, radio)
    35     local ifaces = wireless.get_radio_ifaces(radio)
    35     if utils.tableLength(ifaces) == 0 then
    20         return true
           end
    25     for _, iface in pairs(ifaces) do
    15         if wireless.is_mesh(iface) then
     5             return false, 'radio has mesh ifaces'
               end
           end
    10     ifname = ifaces[1].ifname
    10     iface_type = iwinfo.type(ifname)
    10     if iface_type ~= nil then
    10         scanlist = iwinfo[iface_type].scanlist(ifname)
    15         for _, ap in pairs(scanlist) do
    10             if (ap.ssid == ssid and ap_match_encryption(ap, encryption)) then
     5                 return true
                   end
               end
           end
     5     return false, 'hotspot ap not found'
       end

    30 function pkg.safe_enable(ssid, password, encryption, radio)
           -- Enables the hotpost client only if the hotpost is already available
           -- in order to avoid clients from ap interfaces to be kicked out.
    10     local encryption = encryption or pkg.DEFAULT_ENCRYPTION
    10     local ssid = ssid or pkg.DEFAULT_SSID
    10     local radio = radio or pkg.DEFAULT_RADIO

    10     local is_safe, reason = pkg._is_safe(ssid, encryption, radio)
    10     if is_safe then
    10         return pkg.enable(ssid, password, encryption, radio)
           else
*****0         return false, reason
           end
       end

    30 function pkg.disable(radio)
    10     local uci = config.get_uci_cursor()
    10     local radio = radio or pkg.DEFAULT_RADIO

    10     uci:delete(config.UCI_NODE_NAME, pkg.GENERIC_SECTION_NAME)
    10     uci:commit(config.UCI_NODE_NAME)
    10     uci:delete('system', 'hotspot_watchping')
    10     uci:commit('system')
    10     pkg._apply_change()
    10     return true
       end

    30 function pkg.status(radio)
    25     local uci = config.get_uci_cursor()
    25     local radio = radio or pkg.DEFAULT_RADIO
    25     local connected = false
           local signal

    25     local enabled = false

    25     if uci:get(config.UCI_NODE_NAME, pkg.GENERIC_SECTION_NAME) then
     5         enabled = true
           end

    30     for mac, station in pairs(iwinfo.nl80211.assoclist(pkg.IFACE_NAME)) do
     5         connected = true
     5         signal = station['signal']
           end

    25     return {connected = connected, signal = signal, enabled = enabled}
       end


    30 return pkg

==============================================================================
packages/ubus-lime-utils/files/usr/lib/lua/lime/node_status.lua
==============================================================================
    33 local limewireless = require 'lime.wireless'
    33 local iwinfo = require 'iwinfo'
    33 local utils = require 'lime.utils'
    33 local json = require("luci.jsonc")


       -- Functions used by get_node_status
    33 local node_status = {}

    33 function node_status.get_ips()
    10     local res = {}
    20     local ips = utils.unsafe_shell(
    10                     "ip a s br-lan | grep inet | awk '{ print $1, $2 }'")
    10     for line in ips:gmatch("[^\n]+") do
*****0         local words = {}
*****0         for w in line:gmatch("%S+") do
*****0             if w ~= "" then table.insert(words, w) end
               end
*****0         local version = words[1]
*****0         local address = words[2]
*****0         if version == "inet6" then
*****0             table.insert(res, {version = "6", address = address})
               else
*****0             table.insert(res, {version = "4", address = address})
               end
           end
    10     return res
       end

    33 function node_status.get_stations()
    23     local res = {}
    23     local ifaces = limewireless.mesh_ifaces()
    23     for _, iface in ipairs(ifaces) do
*****0         local iface_type = iwinfo.type(iface)
*****0         local iface_stations = iface_type and iwinfo[iface_type].assoclist(iface)
*****0         if iface_stations then
*****0             for mac, station in pairs(iface_stations) do
*****0                 station['iface'] = iface
*****0                 station.station_mac = mac
*****0                 table.insert(res, station)
                   end
               end
           end
    23     return res
       end

    33 function node_status.get_station_stats(station)
    78     local iface = station.iface
    78     local mac = station.station_mac
   156     local iw_result = utils.unsafe_shell(
    78                                 "iw " .. iface .. " station get " .. mac)
   156     station.rx_bytes = tonumber(
   156         string.match(iw_result, "rx bytes:%s+(.-)\n"), 10)
   156     station.tx_bytes = tonumber(
   156         string.match(iw_result, "tx bytes:%s+(.-)\n"), 10)
    78     local signal_str = string.match(iw_result, "signal:%s+(.-)\n")
    78     local signal, chain = string.match(signal_str, "(%-?%d+)%s+%[(.-)%]")
    78     station.signal = tonumber(signal)
    78     station.chains = {}
           --[[
           succesive calls to this function will lead to an error 
           /usr/bin/lua: /usr/lib/lua/lime/node_status.lua:60: bad argument #1 to 'gmatch' (string expected, got nil)
       stack traceback:
       	[C]: in function 'gmatch'
       	/usr/lib/lua/lime/node_status.lua:60: in function 'get_station_stats'
       	...tate/publishers/shared-state-publish_wifi_links_info:32: in function 'get_wifi_links_info'
       	...tate/publishers/shared-state-publish_wifi_links_info:45: in main chunk
       	[C]: ?
           ]]--
    78     if chain ~= nil then
   234         for num in string.gmatch(chain, "%-?%d+") do
   156             table.insert(station.chains, tonumber(num))
               end
           end
    78     return station
       end

    33 function node_status.get_most_active()
    15     local res = {}
    15     local stations = node_status.get_stations()
    15     if next(stations) ~= nil then
     5         local most_active = {}
     5         most_active.rx_bytes = 0
    15         for _, station in ipairs(stations) do
    10             local station_stats = node_status.get_station_stats(station)
    10             if station_stats.rx_bytes > most_active.rx_bytes then
     5                 most_active = station
                   end
               end
     5         res = most_active
           end
    15     return res
       end

    33 function node_status.switch_status()
    60     local response_ports = node_status.boardjson_get_ports()
    60     if #response_ports ~= 0 then
    60         if utils.is_dsa() then
*****0             node_status.dsa_get_link_status(response_ports)
               else
    60             node_status.swconfig_get_link_status(response_ports)
               end
           end
    60     return response_ports
       end

    33 function node_status.boardjson_get_ports()
    60     local response_ports = {}
    60     local board = utils.getBoardAsTable()
    60     if board['switch'] ~= nil and board['switch']['switch0'] ~= nil then -- legacy swconfig devices support
   180         for _, role in ipairs(board['switch']['switch0']['roles']) do
   390             for port_number in string.gmatch(role['ports'], "%S+") do
   270                 if not tonumber(port_number) then
   120                     local n = tonumber(string.match(port_number, "^%d+"))
   120                     table.insert(response_ports, { num = n, role = "cpu", device = role['device']})
                       else
   150                     table.insert(response_ports, { num = tonumber(port_number), role = role['role'], device = role['device']})
                       end
                   end
               end
*****0     elseif board['network'] ~= nil then -- DSA devices support
*****0         for switch_name, switch in pairs(board['network']) do
*****0             if switch['ports'] ~= nil then
*****0                 for _, port in ipairs(switch.ports) do
*****0                     table.insert(response_ports, { num = port, role = switch_name, device = switch_name})
                       end
                   else
*****0                 table.insert(response_ports, { num = switch_name, role = switch_name, device = switch['device'] })
                   end
               end
           end
    60     return response_ports
       end

    33 function node_status.dsa_get_link_status(ports)
*****0     for _, port in ipairs(ports) do
*****0         local dsa = utils.unsafe_shell("ip link show " .. port['num'])
               -- Match ifindex, ifname, link (optional), and operstate                                    
*****0         local ifindex, ifname, link, operstate = dsa:match("^(%d+): ([^:@]+)@?([^:]*):.-state (%S+)")             
*****0         if ifindex and ifname and operstate then                                                                              
*****0             port['device'] = port['num']                             
*****0             port['num'] = tonumber(ifindex)                                                          
*****0             port['role'] = link ~= "" and link or nil -- Handle optional link field
*****0             if port['role'] == nil then                                                             
*****0                 port['role'] = ifname                                                                      
                   end                                                                                                               
*****0             port['link'] = operstate                                 
*****0             if operstate == "LOWERLAYERDOWN" then                                            
*****0                 port['link'] = "DOWN"                                              
                   end                                                                                     
               end                                                                                                       
           end                                                                                                                       
*****0     return ports                                                     
       end 


    33 function node_status.swconfig_get_link_status(ports)
           local function add_link_status(port_number, status)
   280         for x, obj in pairs(ports) do
   245             if obj.num == port_number then
    35                obj["link"] = status
                   end
               end
           end

    60     local swconfig = utils.unsafe_shell("swconfig dev switch0 show")
    60     local lines = {}
   450     for line in swconfig:gmatch("[^\r\n]+") do
   390         table.insert(lines, line)
           end

           local port_number
   450     for i, line in ipairs(lines) do
   390         if line:match("Port %d:") then
    90             port_number = tonumber(line:match("Port (%d):"))
               end
   390         if string.find(line, "link:up") then
    20             add_link_status(port_number, "up")
   370         elseif string.find(line, "link:down") then
    15             add_link_status(port_number, "down")
               end
           end
    60     return ports
       end

    33 return node_status


==============================================================================
packages/ubus-lime-utils/files/usr/lib/lua/lime/upgrade.lua
==============================================================================
       #!/usr/bin/env lua
       --[[
         Copyright (C) 2020 LibreMesh.org
         This is free software, licensed under the GNU AFFERO GENERAL PUBLIC LICENSE Version 3

         Copyright 2020 Santiago Piccinini <spiccinini@altermindi.net>
       ]]--

    30 local json = require 'luci.jsonc'
    30 local utils = require 'lime.utils'

    30 local pkg = {}

    30 pkg.UPGRADE_INFO_CACHE_FILE = '/tmp/upgrade_info_cache'

    30 pkg.UPGRADE_STATUS_DEFAULT = 'NOT_STARTED'
    30 pkg.UPGRADE_STATUS_UPGRADING = 'UPGRADING'
    30 pkg.UPGRADE_STATUS_FAILED = 'FAILED'
    30 pkg.LIME_SYSUPGRADE_BACKUP_EXTRA_DIR = "/tmp/lime-sysupgrade/preserve"
    30 pkg.UPGRADE_METADATA_FILE = "/etc/upgrade_metadata"

    30 function pkg.safe_upgrade_confirm_remaining_s()
*****0     local remaining_s = tonumber(utils.unsafe_shell("safe-upgrade confirm-remaining"))
*****0     if not remaining_s then
*****0         remaining_s = -1
           end
*****0     return remaining_s
       end

    30 function pkg.is_upgrade_confirm_supported()
    30     local exit_value = os.execute("safe-upgrade board-supported > /dev/null 2>&1")
    30     return exit_value == 0
       end

    30 function pkg.get_upgrade_status()
    10     local info = utils.read_obj_store(pkg.UPGRADE_INFO_CACHE_FILE)
    10     if info.status == nil then
*****0         return pkg.UPGRADE_STATUS_DEFAULT
           else
    10         return info.status
           end
       end

    30 function pkg.set_upgrade_status(status)
    20     return utils.write_obj_store_var(pkg.UPGRADE_INFO_CACHE_FILE, 'status', status)
       end

    30 function pkg.get_upgrade_info()
    15     local result = utils.read_obj_store(pkg.UPGRADE_INFO_CACHE_FILE)
    15     if result.is_upgrade_confirm_supported == nil then
    15         result.is_upgrade_confirm_supported = pkg.is_upgrade_confirm_supported()
           end
    15     if not result.is_upgrade_confirm_supported then
    10         result.safe_upgrade_confirm_remaining_s = -1
           else
     5         result.safe_upgrade_confirm_remaining_s = pkg.safe_upgrade_confirm_remaining_s()
           end
    15     utils.write_obj_store(pkg.UPGRADE_INFO_CACHE_FILE, result)
    15     return result
       end

    30 function pkg.firmware_verify(fw_path)
           local command
    10     if pkg.is_upgrade_confirm_supported() then
    10         command = "safe-upgrade verify "
           else
*****0         command = "sysupgrade --test "
           end
    10     command = command ..  fw_path .. " > /dev/null 2>&1"
    10     local exit_value = os.execute(command)
    10     return exit_value == 0
       end


    30 function pkg.firmware_upgrade(fw_path, preserve_config, metadata, fw_type)
    10     if not fw_path then
*****0         return nil, "Firmware file needed"
           end
    10     if not utils.file_exists(fw_path) then
*****0         return nil, "Firmware file not found"
           end
    10     if pkg.get_upgrade_status() == pkg.UPGRADE_STATUS_UPGRADING then
*****0         return nil, "There is an upgrade in progress"
           end

    10     metadata = metadata or {}

    10     if not fw_type then
    10         if utils.stringEnds(fw_path, ".bin") then
    10             fw_type = 'sysupgrade'
*****0         elseif utils.stringEnds(fw_path, ".sh") then
*****0             fw_type = 'installer'
               else
*****0             return nil, "Unsupported firmware type"
               end
           end

    10     if fw_type == 'sysupgrade' then
    10         if not pkg.firmware_verify(fw_path) then
*****0             return nil, "Invalid firmware"
               end
           end

    10     local backup = ""
    10     if preserve_config == nil then
     5         preserve_config = true
           end
    10     if not preserve_config then
*****0         backup = "DO_NOT_BACKUP=1"
           end

    10     metadata['config_preserved'] = preserve_config or false

           -- store info of the current firmware
    10     local current_fw_description = utils.release_info()["DISTRIB_DESCRIPTION"]
    10     if current_fw_description then
    10         metadata['old_release_description'] = current_fw_description
           end

    10     metadata['local_timestamp'] = os.time()

           --! Use the BACKUP_EXTRA_DIR function of lime-sysupgrade to store the medatada file
    10     utils.unsafe_shell("mkdir -p " .. pkg.LIME_SYSUPGRADE_BACKUP_EXTRA_DIR .. "/etc")
    10     local meta_file_path = pkg.LIME_SYSUPGRADE_BACKUP_EXTRA_DIR .. pkg.UPGRADE_METADATA_FILE
    10     if not utils.write_file(meta_file_path, json.stringify(metadata)) then
*****0         return nil, "Can't write " .. meta_file_path
           end

    10     pkg.set_upgrade_status(pkg.UPGRADE_STATUS_UPGRADING)
    10     if fw_type == 'sysupgrade' then
               --! Give some time so the response can be returned to the client
    10         local cmd = "sleep 3; FORCE=1 " .. backup .. " lime-sysupgrade " ..  fw_path
               --! stdin must be /dev/null because of a tar bug when using gzip that tries to read from stin and fails
               --! if it is closed
    10         utils.execute_daemonized(cmd, "/tmp/lime-sysupgrade.log", "/dev/null")
*****0     elseif fw_type == 'installer' then
*****0         utils.unsafe_shell("chmod +x " .. fw_path)
*****0         utils.execute_daemonized(fw_path, "/tmp/upgrade-installer.log", "/dev/null")
               --! give the installer some time and try to collect the status up to that moment
*****0         utils.unsafe_shell("sleep 10s")
*****0         local progress_status = utils.read_file("/tmp/upgrade-installer-status") or 'unknown'
*****0         if progress_status == 'failed' then
*****0             pkg.set_upgrade_status(pkg.UPGRADE_STATUS_FAILED)
*****0             return nil, utils.read_file("/tmp/upgrade-installer-error-mesage") or 'Installer failed without error message'
               end
           end
    10     return true, metadata
       end

    30 return pkg

==============================================================================
packages/ubus-lime-utils/files/usr/lib/lua/lime/wireless_service.lua
==============================================================================
    20 local utils = require('lime.utils')
    20 local config = require('lime.config')
    20 local wireless = require('lime.wireless')

    20 local wireless_service = {}
    20 wireless_service.AP_BAND = '2ghz' -- TODO: grab from uci config


       local function get_node_ap_data(is_admin)
    25     local result = {}
    25     local cfg = wireless.get_band_config(wireless_service.AP_BAND)
    25     result.enabled = utils.has_value(cfg.modes, 'apname')
    25     result.has_password = (cfg.apname_encryption and
    25                           cfg.apname_encryption ~= "none")
    25     result.password = is_admin and cfg.apname_key or nil
    25     result.ssid = wireless.resolve_ssid(cfg.apname_ssid)
    25     return result
       end

       local function get_community_ap_data()
    25     local result = {}
    25     local cfg = wireless.get_band_config(wireless_service.AP_BAND)
    25     local community_cfg = wireless.get_community_band_config(wireless_service.AP_BAND)
    25     result.enabled = utils.has_value(cfg.modes, 'ap')
    25     result.ssid = wireless.resolve_ssid(cfg.ap_ssid)
    25     result.community = {}
    25     result.community.enabled = utils.has_value(community_cfg.modes, 'ap')
    25     return result
       end

    20 function wireless_service.get_access_points_data(is_admin)
    25     local result = {}
    25     result.node_ap = get_node_ap_data(is_admin)
    25     result.community_ap = get_community_ap_data()
    25     return result
       end

    20 function wireless_service.set_node_ap(has_password, password)
    10     local config = {}
    10     config.apname_encryption = has_password and 'psk2' or 'none'
    10     config.apname_key = password or nil
    10     wireless.set_band_config(wireless_service.AP_BAND, config)
       end

    20 function wireless_service.set_community_ap(enabled)
    10     if enabled then
     5         wireless.add_band_mode(wireless_service.AP_BAND, 'ap')
           else
     5         wireless.remove_band_mode(wireless_service.AP_BAND, 'ap')
           end
       end

    20 return wireless_service

==============================================================================
packages/ubus-lime-utils/files/usr/libexec/rpcd/lime-utils-admin
==============================================================================
       #!/usr/bin/env lua
       --[[
         Copyright (C) 2020 LibreMesh.org
         This is free software, licensed under the GNU AFFERO GENERAL PUBLIC LICENSE Version 3

         Copyright 2020 Santiago Piccinini <spiccinini@altermindi.net>
       ]]--

    80 local ubus = require "ubus"
    80 local json = require 'luci.jsonc'
    80 local utils = require 'lime.utils'

    80 local limeutilsadmin = require 'lime-utils-admin'

    80 local conn = ubus.connect()
    80 if not conn then
*****0     error("Failed to connect to ubus")
       end

    80 local UPGRADE_METADATA_FILE = "/etc/upgrade_metadata"


       local function set_root_password(msg)
     5     local result = limeutilsadmin.set_root_password(msg)
     5     return utils.printJson(result)
       end

       local function set_hostname(msg)
    15     local result = limeutilsadmin.set_hostname(msg)
    15     return utils.printJson(result)
       end

       local function is_upgrade_confirm_supported()
    10     local result = limeutilsadmin.is_upgrade_confirm_supported()
    10     return utils.printJson(result)
       end

       local function firmware_upgrade(msg)
    10     local result = limeutilsadmin.firmware_upgrade(msg)
    10     return utils.printJson(result)
       end

       local function last_upgrade_metadata()
    10     local result = limeutilsadmin.last_upgrade_metadata()
    10     return utils.printJson(result)
       end

       local function firmware_confirm()
     5     local result = limeutilsadmin.firmware_confirm()
     5     return utils.printJson(result)
       end

       --! Creates a client connection to a wifi hotspot
       local function hotspot_wwan_enable(msg)
    15     local result = limeutilsadmin.hotspot_wwan_enable(msg)
    15     return utils.printJson(result)
       end


       local function hotspot_wwan_disable(msg)
     5     local result = limeutilsadmin.hotspot_wwan_disable(msg)
     5     return utils.printJson(result)
       end

       local function safe_reboot(msg)
*****0     local result = limeutilsadmin.safe_reboot(msg)
*****0     utils.printJson(result)
       end

    80 local methods = {
    80     set_root_password = { password = 'value'},
    80     set_hostname = { hostname = 'value'},
    80     is_upgrade_confirm_supported = { no_params = 0 },
    80     firmware_upgrade = { fw_path = 'value', preserve_config = 'value', metadata = 'value', fw_type = 'value'},
    80     last_upgrade_metadata = { no_params = 0 },
    80     firmware_confirm = { no_params = 0 },
    80     hotspot_wwan_enable = { radio = 'value', ssid = 'value', password = 'value', encryption = 'value'},
    80     hotspot_wwan_disable = { radio = 'value' },
    80     safe_reboot = {action = 'value', value = 'value'},
       }

    80 if arg[1] == 'list' then
     5     utils.printJson(methods)
       end

    80 if arg[1] == 'call' then
    75     local msg = utils.rpcd_readline()
    75     msg = json.parse(msg)
    75     if      arg[2] == 'set_root_password' then set_root_password(msg)
    70     elseif  arg[2] == 'set_hostname' then set_hostname(msg)
    55     elseif  arg[2] == 'is_upgrade_confirm_supported' then is_upgrade_confirm_supported(msg)
    45     elseif  arg[2] == 'firmware_upgrade' then firmware_upgrade(msg)
    35     elseif  arg[2] == 'last_upgrade_metadata' then last_upgrade_metadata(msg)
    25     elseif  arg[2] == 'firmware_confirm' then firmware_confirm(msg)
    20     elseif  arg[2] == 'hotspot_wwan_enable' then hotspot_wwan_enable(msg)
     5     elseif  arg[2] == 'hotspot_wwan_disable' then hotspot_wwan_disable(msg)
*****0     elseif arg[2] == 'safe_reboot' then safe_reboot(msg)
*****0     else utils.printJson({ error = "Method not found" })
           end
       end

==============================================================================
packages/ubus-lime-utils/files/usr/libexec/rpcd/wireless-service
==============================================================================
       #!/usr/bin/env lua
       --[[
         Copyright (C) 2021 LibreMesh.org
         This is free software, licensed under the GNU AFFERO GENERAL PUBLIC LICENSE Version 3

         Copyright 2021 German Ferrero <germanferrero@altermundi.net>
       ]]--

     5 local ubus = require "ubus"
     5 local json = require 'luci.jsonc'
     5 local utils = require 'lime.utils'
     5 local wireless = require 'lime.wireless_service'

     5 local conn = ubus.connect()
     5 if not conn then
*****0     error("Failed to connect to ubus")
       end

       local function get_access_points_data()
     5     local data = wireless.get_access_points_data()
     5     data.status = "ok"
     5     return utils.printJson(data)
       end

     5 local methods = {
     5     get_access_points_data = { no_params = 0 },
       }

     5 if arg[1] == 'list' then
*****0     utils.printJson(methods)
       end

     5 if arg[1] == 'call' then
     5     local msg = utils.rpcd_readline()
     5     msg = json.parse(msg)
     5     if      arg[2] == 'get_access_points_data' then get_access_points_data(msg)
*****0     else utils.printJson({ error = "Method not found" })
           end
       end

==============================================================================
packages/ubus-lime-utils/files/usr/libexec/rpcd/wireless-service-admin
==============================================================================
       #!/usr/bin/env lua
       --[[
         Copyright (C) 2021 LibreMesh.org
         This is free software, licensed under the GNU AFFERO GENERAL PUBLIC LICENSE Version 3

         Copyright 2021 German Ferrero <germanferrero@altermundi.net>
       ]]--

    15 local ubus = require "ubus"
    15 local json = require 'luci.jsonc'
    15 local utils = require 'lime.utils'
    15 local wireless = require 'lime.wireless_service'

    15 local conn = ubus.connect()
    15 if not conn then
*****0     error("Failed to connect to ubus")
       end

       local function get_access_points_data()
     5     local data = wireless.get_access_points_data(true)
     5     data.status = "ok"
     5     return utils.printJson(data)
       end

       local function set_node_ap(msg)
     5     wireless.set_node_ap(msg.has_password, msg.password)
     5     return utils.printJson({status = 'ok'})
       end

       local function set_community_ap(msg)
     5     wireless.set_community_ap(msg.enabled)
     5     return utils.printJson({status = 'ok'})
       end

    15 local methods = {
    15     get_access_points_data = { no_params = 0 },
    15     set_node_ap = { has_password = 'value', password = 'value' },
    15     set_community_ap = { enabled = 'value' }
       }

    15 if arg[1] == 'list' then
*****0     utils.printJson(methods)
       end

    15 if arg[1] == 'call' then
    15     local msg = utils.rpcd_readline()
    15     msg = json.parse(msg)
    15     if      arg[2] == 'get_access_points_data' then get_access_points_data(msg)
    10     elseif  arg[2] == 'set_node_ap' then set_node_ap(msg)
     5     elseif  arg[2] == 'set_community_ap' then set_community_ap(msg)
*****0     else utils.printJson({ error = "Method not found" })
           end
       end

==============================================================================
packages/ubus-tmate/files/usr/lib/lua/tmate.lua
==============================================================================
       #!/usr/bin/env lua
       --[[ Copyright (C) 2013-2020 LibreMesh.org
         This is free software, licensed under the GNU AFFERO GENERAL PUBLIC LICENSE Version 3

       ]]--

    20 local utils = require 'lime.utils'


    20 local TMATE_SOCK = "/tmp/tmate.sock"
    20 local TMATE_CONFIG = "/etc/tmate/tmate.conf"

    20 local tmate = {}

    20 function tmate.cmd_as_str(cmd)
*****0    final_cmd = "tmate -f "..TMATE_CONFIG.." -S "..TMATE_SOCK.." "..cmd
*****0    return utils.unsafe_shell(final_cmd)
       end

       local function unix_socket_listening(name)
    10    return "" ~= utils.unsafe_shell("netstat -xl | grep "..TMATE_SOCK.." 2>/dev/null")
       end

    20 function tmate.session_running()
    10   return unix_socket_listening(TMATE_SOCK)
       end

    20 function tmate.get_rw_session()
    30   return tmate.cmd_as_str("display -p '#{tmate_ssh}'"):sub(1, -2)
       end

    20 function tmate.get_ro_session()
    30   return tmate.cmd_as_str("display -p '#{tmate_ssh_ro}'"):sub(1, -2)
       end

    20 function tmate.get_connected_clients()
    20   return tmate.cmd_as_str("display -p '#{tmate_num_clients}'"):sub(1, -2)
       end

    20 function tmate.open_session()
    30   tmate.cmd_as_str("new-session -d")
    30   tmate.cmd_as_str("send-keys C-c")
       end

    20 function tmate.wait_session_ready()
    30   tmate.cmd_as_str("wait tmate-ready")
       end

    20 function tmate.close_session()
    30   tmate.cmd_as_str("kill-session -t 0")
       end

    20 return tmate

==============================================================================
packages/ubus-tmate/files/usr/libexec/rpcd/tmate
==============================================================================
       #!/usr/bin/env lua
       --[[ Copyright (C) 2013-2020 LibreMesh.org
         This is free software, licensed under the GNU AFFERO GENERAL PUBLIC LICENSE Version 3

       ]]--

    40 local ubus = require "ubus"
    40 local json = require 'luci.jsonc'
    40 local utils = require 'lime.utils'
    40 local tmate = require 'tmate'

    40 local conn = ubus.connect()
    40 if not conn then
*****0     error("Failed to connect to ubus")
       end

       local function get_session(msg)
    20     local session = "no session"

    20     if tmate.session_running() then
    10         local rw_ssh = tmate.get_rw_session()
    10         local ro_ssh = tmate.get_ro_session()
    10         local clients = tmate.get_connected_clients()

    10         session = { rw_ssh = rw_ssh, ro_ssh = ro_ssh, clients = clients }
           end

    15     utils.printJson({ status = "ok", session = session })
       end

       local function open_session(msg)
    10     tmate.open_session()
    10     tmate.wait_session_ready()

    10     utils.printJson({status = "ok"})
       end

       local function close_session(params)
*****0     if tmate.session_running() then
*****0        tmate.close_session()
           end

*****0     utils.printJson({ status = "ok" })
       end

    40 local methods = {
    40     get_session = { no_params = 0 },
    40     open_session = { no_params = 0 },
    40     close_session = { no_params = 0 },
       }

    40 if arg[1] == 'list' then
    10     utils.printJson(methods)
       end

    40 if arg[1] == 'call' then
    30     local msg = utils.rpcd_readline()
    30     msg = json.parse(msg)
    30     if      arg[2] == 'get_session' then get_session(msg)
    10     elseif  arg[2] == 'open_session' then open_session(msg)
*****0     elseif  arg[2] == 'close_session' then close_session(msg)
*****0     else utils.printJson({ error = "Method not found" })
           end
       end


==============================================================================
packages/wifi-unstuck-wa/files/usr/lib/lua/lime/wifi_unstuck_wa.lua
==============================================================================
    15 local config = require "lime.config"
    15 local utils = require "lime.utils"
    15 local iwinfo = require "iwinfo"
    15 local nixio = require 'nixio'
    15 local wu = {}

       -- so we always scan in at least one different frequency
    15 wu.FREQ_2GHZ_LIST = "2412 2462"
    15 wu.FREQ_5GHZ_LIST = "5180 5240"

       -- if iw runs for 5 min, it is likely hanging
    15 wu.TIMEOUT = tonumber( config.get("wifi", "unstuck_timeout", 300 ))

    15 function wu.get_stickable_ifaces()
    15 	local uci = config.get_uci_cursor()
    15 	local ifaces = {}
    15 	local devices = {}

    30 	uci:foreach("wireless", "wifi-iface", function(entry)
    75 			if (entry.mode == 'mesh' or entry.mode == 'adhoc' or
    30 				entry.mode == 'sta' or entry.mode == 'ap') then
    75 				local device_path = uci:get("wireless", entry.device, "path")
    75 				local device_disabled = uci:get("wireless", entry.device, "disabled")
       				--! get only one interface per radio and check that the radio is not disabled
    75 				if device_path and device_disabled == '0' and devices[device_path] == nil then
    45 					table.insert(ifaces, entry.ifname)
    45 					devices[device_path] = 1
       				end
       			end
       		end)
    15 	return ifaces
       end

    15 function wu.wait_and_kill_on_timeout(pid_time_started)
    10 	local pid_done = {}

    20 	for pid,time_started in pairs(pid_time_started) do
    10 		pid_done[pid]=false
       	end

       	repeat
       		-- wait for 100ms
  1505 		nixio.nanosleep(0,100e6)

       		-- see if something changed
       		while true do
  1525 			pid,state,code = nixio.waitpid(nil,"nohang")
  1525 			if not pid then break end
    20 			if pid == 0 then break end
    20 			pid_done[pid] = true
       		end

       		-- see if time is up
  1505 		now = os.time()
  4505 		for pid,time_started in pairs(pid_time_started) do
  3000 			time_is_up = now - time_started > wu.TIMEOUT
  3000 			if not pid_done[pid] and time_is_up then
       				-- time is up. send SIGTERM
     5 				nixio.kill(pid,15)
       				-- we don't care any longer about processes we signaled
     5 				pid_done[pid] = true
       			end
       		end

       		-- see if there are remaining processes
  1505 		all_done = true
  4520 		for pid,done in pairs(pid_done) do
  3015 			all_done = all_done and done
       		end
  1505 	until all_done

       end

    15 function wu.do_workaround()
    10 	local ifaces = wu.get_stickable_ifaces()
    10 	local pid_time_started = {}

    40 	for _, iface in pairs(ifaces) do
    30 		local cmd = "iw dev " .. iface .. " scan freq "
    30 		local freq = iwinfo.nl80211.frequency(iface)
    30 		if freq ~= nil then
    20 			if freq < 3000 then
    10 				cmd = cmd .. wu.FREQ_2GHZ_LIST
       			else
    10 				cmd = cmd .. wu.FREQ_5GHZ_LIST
       			end
    20 			utils.log(cmd)

       			-- we can not use os.popen here, because it does not give us the
       			-- pid
    20 			pid = nixio.fork()
    20 			if pid == 0 then
    10 				nixio.exec('/bin/sh','-c',cmd..' >/dev/null')
    10 				os.exit(1)
       			else
    10 				pid_time_started[pid] = os.time()
       			end

    20 			nixio.nanosleep(1)
       		end
       	end

    10 	wu.wait_and_kill_on_timeout(pid_time_started)
       end

    15 function wu.configure()
     5 	interval = tonumber( config.get("wifi", "unstuck_interval", -1) )                                  
                                                                                                                  
     5 	if interval and interval > 0 then                                                                  
       		--! use sed to replace interval in /etc/crontabs/root                                      
    10 		io.popen("sed -i 's/\\*\\/\\d\\+ \\* \\* \\* \\* ((wifi-unstuck &> \\/dev\\/"..            
     5 			"null)&)/*\\/"..interval.." * * * * ((wifi-unstuck \\&> \\/dev\\/null)\\&)/g"..            
     5 			"' /etc/crontabs/root")                                                               
       	end
       end

    15 function wu.clean()
           -- nothing to clean, but needs to be declared to comply with the API
       end

    15 return wu

==============================================================================
tests/fakes/iwinfo.lua
==============================================================================
   201 local iwinfo = {}
   201 iwinfo.nl80211 = {}
   201 iwinfo.fake = {}
   201 iwinfo.mocks = {}

   201 iwinfo.mocks.iw_station_get_result_wlan1 = [[
       Station c0:4a:00:be:7b:0a (on wlan1-mesh)
           inactive time:  50 ms
           rx bytes:  503044
           rx packets:  3976
           tx bytes:  545116
           tx packets:  1237
           tx retries:  9
           tx failed:  0
           rx drop misc:  3
           signal:    -14 [-17, -16] dBm
           signal avg:  -12 [-14, -15] dBm
           Toffset:  46408315 us
           tx bitrate:  300.0 MBit/s MCS 15 40MHz short GI
           rx bitrate:  300.0 MBit/s MCS 15 40MHz short GI
           rx duration:  0 us
           expected throughput:  58.43Mbps
           mesh llid:  5944
           mesh plid:  1241
           mesh plink:  ESTAB
           mesh local PS mode:  ACTIVE
           mesh peer PS mode:  ACTIVE
           mesh non-peer PS mode:  ACTIVE
           authorized:  yes
           authenticated:  yes
           associated:  yes
           preamble:  long
           WMM/WME:  yes
           MFP:    no
           TDLS peer:  no
           DTIM period:  2
           beacon interval:100
           short slot time:yes
           connected time:  139 seconds
   201 ]]


   201 iwinfo.mocks.iw_station_get_result_wlan0 = [[
           Station c0:4a:00:be:7b:09 (on wlan0-mesh)
       	inactive time:	140 ms
       	rx bytes:	3116498
       	rx packets:	31613
       	tx bytes:	1166333
       	tx packets:	4462
       	tx retries:	2448
       	tx failed:	15
       	rx drop misc:	938
       	signal:  	-14 [-17, -18] dBm
       	signal avg:	-14 [-17, -18] dBm
       	Toffset:	18446744073577465064 us
       	tx bitrate:	6.5 MBit/s MCS 0
       	rx bitrate:	39.0 MBit/s MCS 10
       	rx duration:	0 us
       	expected throughput:	2.197Mbps
       	mesh llid:	63041
       	mesh plid:	61249
       	mesh plink:	ESTAB
       	mesh local PS mode:	ACTIVE
       	mesh peer PS mode:	ACTIVE
       	mesh non-peer PS mode:	ACTIVE
       	authorized:	yes
       	authenticated:	yes
       	associated:	yes
       	preamble:	long
       	WMM/WME:	yes
       	MFP:		no
       	TDLS peer:	no
       	DTIM period:	2
       	beacon interval:100
       	short slot time:yes
       	connected time:	5070 seconds
   201 ]]


   201 iwinfo.mocks.get_stations = {
   201     [1] = {
   201         ["rx_short_gi"] = false,
   201         ["station_mac"] = "C0:4A:00:BE:7B:09",
   201         ["rx_vht"] = false,
   201         ["rx_mhz"] = 20,
   201         ["rx_40mhz"] = false,
   201         ["tx_packets"] = 1574,
   201         ["tx_mhz"] = 20,
   201         ["rx_packets"] = 16879,
   201         ["rx_ht"] = true,
   201         ["tx_mcs"] = 9,
   201         ["noise"] = -95,
   201         ["rx_mcs"] = 1,
   201         ["tx_ht"] = true,
   201         ["iface"] = "wlan0-mesh",
   201         ["tx_rate"] = 26000,
   201         ["inactive"] = 1390,
   201         ["tx_short_gi"] = false,
   201         ["tx_40mhz"] = false,
   201         ["expected_throughput"] = 11437,
   201         ["tx_vht"] = false,
   201         ["rx_rate"] = 13000,
   201         ["signal"] = 13
   201       },
   201     [2] = {
   201         ["rx_short_gi"] = true,
   201         ["station_mac"] = "C0:4A:00:BE:7B:0A",
   201         ["rx_vht"] = false,
   201         ["rx_mhz"] = 40,
   201         ["rx_40mhz"] = true,
   201         ["tx_packets"] = 7078,
   201         ["tx_mhz"] = 40,
   201         ["rx_packets"] = 54294,
   201         ["rx_ht"] = true,
   201         ["tx_mcs"] = 15,
   201         ["noise"] = -91,
   201         ["rx_mcs"] = 15,
   201         ["tx_ht"] = true,
   201         ["iface"] = "wlan1-mesh",
   201         ["tx_rate"] = 300000,
   201         ["inactive"] = 70,
   201         ["tx_short_gi"] = true,
   201         ["tx_40mhz"] = true,
   201         ["expected_throughput"] = 59437,
   201         ["tx_vht"] = false,
   201         ["rx_rate"] = 300000,
   201         ["signal"] = -13
   201       }
   201 }

   201 iwinfo.mocks.wlan1_mesh_mac = {'C0', '00', '00', '01', '01', '01'}
   201 iwinfo.mocks.wlan0_mesh_mac = {'C0', '00', '00', '00', '00', '00'}

   201 OP_MODES = {
   201     "Unknown", "Master", "Ad-Hoc", "Client", "Monitor", "Master (VLAN)",
   201     "WDS", "Mesh Point", "P2P Client", "P2P Go"
   201 }

   201 HT_MODES = {"HT20", "HT40", "VHT20", "VHT40", "VHT80", "VHT80+80", "VHT160"}

   201 iwinfo.fake._scanlists = {}
   201 iwinfo.fake._channels = {}
   201 iwinfo.fake._assoclists = {}
   201 iwinfo.fake._hwmodelists = {}

   402 function iwinfo.fake.set_scanlist(phy_id, scanlist)
    90     iwinfo.fake._scanlists[phy_id] = scanlist
       end

   402 function iwinfo.fake.scanlist_gen_station(ssid, channel, signal, mac, mode, quality)
     5     local utils = require("lime.utils")
     5     assert(utils.has_value(OP_MODES, mode))

     5     local station = {
     5     ["encryption"] = {
     5         ["enabled"] = false,
     5         ["auth_algs"] = { } ,
     5         ["description"] = None,
     5         ["wep"] = false,
     5         ["auth_suites"] = { } ,
     5         ["wpa"] = 0,
     5         ["pair_ciphers"] = { } ,
     5         ["group_ciphers"] = { } ,
     5     } ,
     5     ["quality_max"] = 70,
     5     ["ssid"] = ssid,
     5     ["channel"] = channel,
     5     ["signal"] = signal,
     5     ["bssid"] = bssid,
     5     ["mode"] = mode,
     5     ["quality"] = quality,
           }
     5     return station
       end


   402 function iwinfo.nl80211.scanlist(phy_id)
    95     return iwinfo.fake._scanlists[phy_id] or {}
       end

   402 function iwinfo.fake.set_channel(phy_id, channel)
   160     iwinfo.fake._channels[phy_id] = channel
       end

   402 function iwinfo.nl80211.channel(phy_id)
    88     return iwinfo.fake._channels[phy_id]
       end

   402 function iwinfo.fake.set_assoclist(radio, assoclist)
    20     iwinfo.fake._assoclists[radio] = assoclist
       end

   402 function iwinfo.nl80211.assoclist(radio)
    50     return iwinfo.fake._assoclists[radio] or {}
       end

   201 function iwinfo.type(phy_id)
    65     return 'nl80211'
       end

   402 function iwinfo.fake.gen_assoc_station(rx_ht_mode, tx_ht_mode, signal, quality, inactive_ms,
                                               tx_packets, rx_packets)
    15     local utils = require("lime.utils")

           -- VHT modes not yet supported
    15     assert(utils.has_value({"HT20", "HT40"}, rx_ht_mode))
    15     assert(utils.has_value({"HT20", "HT40"}, tx_ht_mode))

    15     local rx_vht = false
    15     local tx_vht = false
    15     local rx_ht = false
    15     local tx_ht = false
    15     local rx_mhz = 20
    15     local tx_mhz = 20
    15     local tx_40mhz = false

    15     if rx_ht_mode == "HT40" then
*****0         rx_ht = true
*****0         rx_mhz = 40
           end

    15     if tx_ht_mode == "HT40" then
    15         tx_ht = true
    15         tx_40mhz = true
    15         tx_mhz = 40
           end

    15     local r = {
    15         ["rx_ht"] = rx_ht,
    15         ["rx_vht"] = rx_vht,
    15         ["rx_mhz"] = rx_mhz,
    15         ["rx_rate"] = rx_rate,

    15         ["tx_ht"] = tx_ht,
    15         ["tx_vht"] = tx_vht,
    15         ["tx_40mhz"] = tx_40mhz,
    15         ["tx_mhz"] = tx_mhz,
    15         ["tx_mcs"] = tx_mcs,
    15         ["tx_rate"] = tx_rate,
    15         ["tx_short_gi"] = true,

    15         ["tx_packets"] = tx_packets,
    15         ["rx_packets"] = rx_packets,
    15         ["noise"] = noise,
    15         ["inactive"] = inactive_ms,
    15         ["expected_throughput"] = throughtput,
    15         ["signal"] = signal
           }
    15     return r
       end

   201 iwinfo.fake.HWMODE = {
   201     ["HW_2GHZ_N"] =  { ["a"] = false, ["b"] = true, ["ac"] = false, ["g"] = true, ["n"] = true},
   201     ["HW_5GHZ_N"] = { ["a"] = true, ["b"] = false, ["ac"] = false, ["g"] = false, ["n"] = true}
   201 }

   402 function iwinfo.fake.set_hwmodelist(radio_or_phy, hwmodelist)
   220     iwinfo.fake._hwmodelists[radio_or_phy] = hwmodelist
       end

   402 function iwinfo.nl80211.hwmodelist(radio_or_phy)
    75     return iwinfo.fake._hwmodelists[radio_or_phy]
       end

   402 function iwinfo.fake.load_from_uci(uci_cursor)
    95     function create_device(dev)
               local hwmode
   150         if dev.band == '5g' then
   135             hwmode = iwinfo.fake.HWMODE.HW_5GHZ_N
    15         elseif dev.band == '2g' then
    15             hwmode = iwinfo.fake.HWMODE.HW_2GHZ_N
               else
*****0             assert(0, 'posibility not supported yet, please add support!')
               end
   150         iwinfo.fake.set_hwmodelist(dev[".name"], hwmode)
   150         iwinfo.fake.set_channel(dev[".name"], dev.channel)
           end
   245     uci_cursor:foreach("wireless", "wifi-device", function(dev) create_device(dev) end)
       end

   201 return iwinfo


==============================================================================
tests/fakes/ubus.lua
==============================================================================
    90 local ubus = {}

    90 function ubus.connect()
   405     local conn = {}

   405     function conn.call()
*****0         return {}
           end

   405     return conn
       end

    90 return ubus


==============================================================================
Summary
==============================================================================

File                                                                                                                 Hits Missed Coverage
-----------------------------------------------------------------------------------------------------------------------------------------
./packages/pirania/tests/pirania_test_utils.lua                                                                      9    0      100.00%
./tests/utils.lua                                                                                                    87   1      98.86%
packages/check-internet/files/usr/libexec/rpcd/check-internet                                                        18   2      90.00%
packages/deferrable-reboot/files/usr/lib/lua/deferrable_reboot.lua                                                   33   2      94.29%
packages/eupgrade/files/usr/lib/lua/eupgrade.lua                                                                     83   25     76.85%
packages/first-boot-wizard/files/usr/lib/lua/firstbootwizard.lua                                                     191  108    63.88%
packages/first-boot-wizard/files/usr/lib/lua/firstbootwizard/functools.lua                                           24   51     32.00%
packages/first-boot-wizard/files/usr/lib/lua/firstbootwizard/utils.lua                                               45   61     42.45%
packages/lime-eth-config/files/usr/lib/lua/lime-eth-config.lua                                                       54   17     76.06%
packages/lime-eth-config/files/usr/libexec/rpcd/lime-eth-config                                                      24   7      77.42%
packages/lime-hwd-ground-routing/files/usr/lib/lua/lime/hwd/ground_routing.lua                                       19   41     31.67%
packages/lime-hwd-openwrt-wan/files/usr/lib/lua/lime/hwd/openwrt_wan.lua                                             38   0      100.00%
packages/lime-hwd-usbradio/files/usr/lib/lua/lime/hwd/usbradio.lua                                                   15   38     28.30%
packages/lime-hwd-watchcat/files/usr/lib/lua/lime/hwd/watchcat.lua                                                   16   17     48.48%
packages/lime-proto-babeld/files/usr/lib/lua/lime/proto/babeld.lua                                                   72   11     86.75%
packages/lime-proto-batadv/files/usr/lib/lua/lime/proto/batadv.lua                                                   53   20     72.60%
packages/lime-proto-bmx7/files/usr/lib/lua/lime/proto/bmx7.lua                                                       118  48     71.08%
packages/lime-proto-olsr/files/usr/lib/lua/lime/proto/olsr.lua                                                       44   0      100.00%
packages/lime-proto-olsr2/files/usr/lib/lua/lime/proto/olsr2.lua                                                     49   0      100.00%
packages/lime-proto-olsr6/files/usr/lib/lua/lime/proto/olsr6.lua                                                     39   4      90.70%
packages/lime-proto-wan/files/usr/lib/lua/lime/proto/wan.lua                                                         24   0      100.00%
packages/lime-system/files/usr/bin/migrate-wifi-bands-cfg                                                            40   1      97.56%
packages/lime-system/files/usr/lib/lua/lime/config.lua                                                               129  3      97.73%
packages/lime-system/files/usr/lib/lua/lime/firewall.lua                                                             16   9      64.00%
packages/lime-system/files/usr/lib/lua/lime/generic_config.lua                                                       74   1      98.67%
packages/lime-system/files/usr/lib/lua/lime/hardware_detection.lua                                                   18   0      100.00%
packages/lime-system/files/usr/lib/lua/lime/mode/ap.lua                                                              6    0      100.00%
packages/lime-system/files/usr/lib/lua/lime/mode/apname.lua                                                          6    0      100.00%
packages/lime-system/files/usr/lib/lua/lime/mode/apup.lua                                                            9    8      52.94%
packages/lime-system/files/usr/lib/lua/lime/mode/client.lua                                                          5    0      100.00%
packages/lime-system/files/usr/lib/lua/lime/mode/ieee80211s.lua                                                      5    0      100.00%
packages/lime-system/files/usr/lib/lua/lime/network.lua                                                              238  113    67.81%
packages/lime-system/files/usr/lib/lua/lime/proto/ieee80211s.lua                                                     15   0      100.00%
packages/lime-system/files/usr/lib/lua/lime/proto/lan.lua                                                            46   11     80.70%
packages/lime-system/files/usr/lib/lua/lime/system.lua                                                               39   7      84.78%
packages/lime-system/files/usr/lib/lua/lime/utils.lua                                                                305  54     84.96%
packages/lime-system/files/usr/lib/lua/lime/wireless.lua                                                             191  8      95.98%
packages/pirania/files/usr/lib/lua/portal/portal.lua                                                                 35   11     76.09%
packages/pirania/files/usr/lib/lua/read_for_access/cgi_handlers.lua                                                  17   0      100.00%
packages/pirania/files/usr/lib/lua/read_for_access/read_for_access.lua                                               41   2      95.35%
packages/pirania/files/usr/lib/lua/voucher/cgi_handlers.lua                                                          44   4      91.67%
packages/pirania/files/usr/lib/lua/voucher/config.lua                                                                8    0      100.00%
packages/pirania/files/usr/lib/lua/voucher/hooks.lua                                                                 6    8      42.86%
packages/pirania/files/usr/lib/lua/voucher/store.lua                                                                 45   2      95.74%
packages/pirania/files/usr/lib/lua/voucher/utils.lua                                                                 46   16     74.19%
packages/pirania/files/usr/lib/lua/voucher/vouchera.lua                                                              174  19     90.16%
packages/pirania/files/usr/libexec/rpcd/pirania                                                                      71   9      88.75%
packages/pirania/files/www/pirania-redirect/redirect                                                                 17   0      100.00%
packages/safe-upgrade/files/usr/sbin/safe-upgrade                                                                    97   159    37.89%
packages/shared-state-babel_links_info/files/usr/share/shared-state/publishers/shared-state-publish_babel_links_info 26   0      100.00%
packages/shared-state-bat_hosts/files/usr/lib/lua/bat-hosts.lua                                                      22   2      91.67%
packages/shared-state-bat_hosts/files/usr/libexec/rpcd/bat-hosts                                                     25   5      83.33%
packages/shared-state-bat_links_info/files/usr/share/shared-state/publishers/shared-state-publish_bat_links_info     31   0      100.00%
packages/shared-state-network_nodes/files/usr/lib/lua/network-nodes.lua                                              66   0      100.00%
packages/shared-state-node_info/files/usr/share/shared-state/publishers/shared-state-publish_node_info               24   0      100.00%
packages/shared-state-odhcpd_leases/files/usr/share/shared-state/publishers/shared-state-publish_odhcpd_leases       22   0      100.00%
packages/shared-state-ref_state_commons/files/usr/lib/lua/shared_state_links_info.lua                                29   0      100.00%
packages/shared-state-wifi_links_info/files/usr/share/shared-state/publishers/shared-state-publish_wifi_links_info   30   0      100.00%
packages/shared-state/files/usr/lib/lua/shared-state.lua                                                             173  51     77.23%
packages/shared-state/files/usr/libexec/rpcd/shared-state                                                            45   2      95.74%
packages/ubus-lime-location/files/usr/lib/lua/lime/location.lua                                                      41   0      100.00%
packages/ubus-lime-location/files/usr/libexec/rpcd/lime-location                                                     40   4      90.91%
packages/ubus-lime-metrics/files/usr/lib/lua/lime-metrics.lua                                                        77   11     87.50%
packages/ubus-lime-metrics/files/usr/lib/lua/lime-metrics/utils.lua                                                  10   2      83.33%
packages/ubus-lime-utils/files/usr/lib/lua/lime-utils-admin.lua                                                      52   39     57.14%
packages/ubus-lime-utils/files/usr/lib/lua/lime-utils.lua                                                            55   35     61.11%
packages/ubus-lime-utils/files/usr/lib/lua/lime/hotspot_wwan.lua                                                     84   3      96.55%
packages/ubus-lime-utils/files/usr/lib/lua/lime/node_status.lua                                                      80   35     69.57%
packages/ubus-lime-utils/files/usr/lib/lua/lime/upgrade.lua                                                          62   23     72.94%
packages/ubus-lime-utils/files/usr/lib/lua/lime/wireless_service.lua                                                 36   0      100.00%
packages/ubus-lime-utils/files/usr/libexec/rpcd/lime-utils-admin                                                     46   5      90.20%
packages/ubus-lime-utils/files/usr/libexec/rpcd/wireless-service                                                     16   3      84.21%
packages/ubus-lime-utils/files/usr/libexec/rpcd/wireless-service-admin                                               24   3      88.89%
packages/ubus-tmate/files/usr/lib/lua/tmate.lua                                                                      22   2      91.67%
packages/ubus-tmate/files/usr/libexec/rpcd/tmate                                                                     27   6      81.82%
packages/wifi-unstuck-wa/files/usr/lib/lua/lime/wifi_unstuck_wa.lua                                                  66   0      100.00%
tests/fakes/iwinfo.lua                                                                                               158  3      98.14%
tests/fakes/ubus.lua                                                                                                 6    1      85.71%
-----------------------------------------------------------------------------------------------------------------------------------------
Total                                                                                                                4193 1133   78.73%
